urls,Domain,IP Address in URL,@ Symbol in URL,Length of URL,Depth of URL,"Redirection ""//"" in URL",http/https in Domain name,Using URL Shortening Services,"Prefix or Suffix ""-"" in Domain",DNS Record,Age of Domain,End Period of Domain
https://urlz.fr/rIQ1,urlz.fr,1,0,20,1,0,0,0,0,1,13.0,2027-05-14 15:38:28
https://docs.google.com/presentation/d/e/2PACX-1vQUdJzLIYaAq34CAt4M5ZlEn6CM0LRsdjtIu5RX6j0xbJjStyAVrwn0qILcoeCx_FmFGyP9UteGxBXa/pub?start=false&amp;loop=false&amp;delayms=3000&amp;slide=id.p,docs.google.com,1,0,190,5,0,0,0,0,1,26.0,2028-09-14 04:00:00
https://transportationllsmtpro.top/i/,transportationllsmtpro.top,0,0,37,2,0,0,0,0,0,0.0,2025-07-25 09:35:12
https://optusnet-webmail2.github.io/Optusnet-webmail2,optusnet-webmail2.github.io,1,0,53,1,0,0,0,1,1,,
https://cloudflare-ipfs.com/ipfs/bafybeidovvgnteyj7gtnlwujarnwh3vfl6zketyt73a7in3bibi66t7gb4#hazel.thomas@optusnet.com.au,cloudflare-ipfs.com,1,1,121,2,0,0,0,1,1,6.0,2032-05-30 14:15:34
https://pub-efe8c223714242868bdd2fa750e67f77.r2.dev/owa.html,pub-efe8c223714242868bdd2fa750e67f77.r2.dev,1,0,60,1,0,0,0,1,1,2.0,2025-08-23 14:38:38
https://jhghjjhjkj.w3spaces.com/,jhghjjhjkj.w3spaces.com,1,0,32,1,0,0,0,0,1,3.0,2024-12-21 07:26:31
https://pub-02d84e3db8a844e2a87f9cce72a5a5a5.r2.dev/index.html,pub-02d84e3db8a844e2a87f9cce72a5a5a5.r2.dev,1,0,62,1,0,0,0,1,1,2.0,2025-08-23 14:38:38
https://gvp.vtl.mybluehost.me/ameli/espace/p/redi.php?cmd=d7420a174960f9b9e795580d048a0875,gvp.vtl.mybluehost.me,1,0,90,4,0,0,0,0,1,7.0,2024-10-05 23:31:07
https://moseusalweb.weebly.com/,moseusalweb.weebly.com,1,0,31,1,0,0,0,0,1,18.0,2025-03-28 23:25:07
https://att-login669.weeblysite.com/,att-login669.weeblysite.com,1,0,36,1,0,0,0,1,1,11.0,2024-12-19 04:07:22
https://cloudflare-ipfs.com/ipfs/QmZDXtBN2CVohsvpnM8Je18SBu7kq1oB1Lh6CSBruJGYhV,cloudflare-ipfs.com,1,0,79,2,0,0,0,1,1,6.0,2032-05-30 14:15:34
https://pub-28a169ae095844cfaea95c68af49d74d.r2.dev/index.html,pub-28a169ae095844cfaea95c68af49d74d.r2.dev,1,0,62,1,0,0,0,1,1,2.0,2025-08-23 14:38:38
https://servertechnicalnoticeimmestae-reconecting.pages.dev/cerautheticate,servertechnicalnoticeimmestae-reconecting.pages.dev,1,0,74,1,0,0,0,1,1,,
https://docs.google.com/presentation/d/e/2PACX-1vTbcZGnAt7hlOMV4JLfWjGYEy2MpTHdMVhcXVHw4lseQvWOpfRZl7ncKTZlijqVFFTSN6YsVyRnjMIH/pub?start=false&amp;loop=false&amp;delayms=3000,docs.google.com,1,0,175,5,0,0,0,0,1,26.0,2028-09-14 04:00:00
https://appurl.io/NcA9Q6FE9a,appurl.io,1,0,28,1,0,0,0,0,1,11.0,2025-07-05 16:58:35
https://l.ead.me/bfJWik,l.ead.me,1,0,23,1,0,0,0,0,1,8.0,2024-10-20 08:13:42
https://ipfs.eth.aragon.network/ipfs/bafybeicisfv2wwmqsu4r44ymqugnnus6yasvkabtiqtzdtc5smea6jkhlu,ipfs.eth.aragon.network,1,0,96,2,0,0,0,0,1,7.0,2025-03-29 14:11:10
https://maper.info/2lD8W3,maper.info,1,0,25,1,0,0,0,0,1,6.0,2025-04-30 07:08:08
https://sites.google.com/view/email-updateserver/home,sites.google.com,1,0,53,3,0,0,0,0,1,26.0,2028-09-14 04:00:00
https://transxbnn.world/,transxbnn.world,0,0,24,1,0,0,0,0,0,0.0,2025-08-15 12:19:14
https://metauazkxlogin.webflow.io/,metauazkxlogin.webflow.io,1,0,34,1,0,0,0,0,1,11.0,2028-05-08 02:20:57
https://qualitaresiduos.com.br/red/index.html,qualitaresiduos.com.br,1,0,45,2,0,0,0,0,1,0.0,2025-06-07 00:00:00
https://rewards-thedebtboxs.pages.dev/imp/,rewards-thedebtboxs.pages.dev,1,0,42,2,0,0,0,1,1,,
https://x598raq1e6wkge.top,x598raq1e6wkge.top,0,0,26,0,0,0,0,0,0,0.0,2024-10-17 03:30:56
https://atlas-102318.weeblysite.com/,atlas-102318.weeblysite.com,1,0,36,1,0,0,0,1,1,11.0,2024-12-19 04:07:22
https://cloudflare-ipfs.com/ipfs/bafybeih4t5otghklt3xbh7hryaq66beiquprkkvf462cyytsyhyfybdese/,cloudflare-ipfs.com,1,0,93,3,0,0,0,1,1,6.0,2032-05-30 14:15:34
https://us-usps-addl.top/,us-usps-addl.top,1,0,25,1,0,0,0,1,1,0.0,2025-07-31 11:24:53
https://pub-a60dc12715c14eee97b272d41d4d54e6.r2.dev/snd.html,pub-a60dc12715c14eee97b272d41d4d54e6.r2.dev,1,0,60,1,0,0,0,1,1,2.0,2025-08-23 14:38:38
https://dara3dccj.wixsite.com/my-site-1,dara3dccj.wixsite.com,1,0,39,1,0,0,0,0,1,,
https://pub-703432a5ff324fee9e2c44b6262786b5.r2.dev/index.html,pub-703432a5ff324fee9e2c44b6262786b5.r2.dev,1,0,62,1,0,0,0,1,1,2.0,2025-08-23 14:38:38
http://43.156.0.130/v3/signin/identifier?continue=https://accounts.google.com/&amp;followup=https://accounts.google.com/&amp;ifkv=AYZoVhdc2mRRYuDyXjbPl3jZIIW0hNltZQLLmFu7oP0XL-_VqogfhrNjy5dFlbYYa8uOUl7aCXD0UA&amp;passive=1209600&amp;flowName=GlifWebSignIn&amp;flowEntry=ServiceLogin&amp;dsh=S-1207429424:1694424721805529&amp;theme=glif,43.156.0.130,1,0,335,3,0,0,0,0,1,,
https://rayi.pages.dev,rayi.pages.dev,1,0,22,0,0,0,0,0,1,,
https://metmukextsion.gitbook.io/us,metmukextsion.gitbook.io,1,0,35,1,0,0,0,0,1,10.0,2025-03-30 06:09:09
https://transpooww.xyz/,transpooww.xyz,0,0,23,1,0,0,0,0,0,0.0,2025-08-09 23:59:59
https://telstra-101340.weeblysite.com/,telstra-101340.weeblysite.com,1,0,38,1,0,0,0,1,1,11.0,2024-12-19 04:07:22
https://pub-6368b8649fea453bb4eb85bea7046dd6.r2.dev/original%20wetransfer.html,pub-6368b8649fea453bb4eb85bea7046dd6.r2.dev,1,0,78,1,0,0,0,1,1,2.0,2025-08-23 14:38:38
https://microsoft-107049.weeblysite.com/,microsoft-107049.weeblysite.com,1,0,40,1,0,0,0,1,1,11.0,2024-12-19 04:07:22
https://metsamesklognim.gitbook.io/us,metsamesklognim.gitbook.io,1,0,37,1,0,0,0,0,1,10.0,2025-03-30 06:09:09
https://worker-purple-fb.cloudflare-da7.workers.dev/,worker-purple-fb.cloudflare-da7.workers.dev,1,0,52,1,0,0,0,1,1,,
https://registremanquement.com,registremanquement.com,1,0,30,0,0,0,1,0,1,0.0,2025-08-22 20:42:19
https://pub-016796bd5fc04413b00545e000356181.r2.dev/index3.htm,pub-016796bd5fc04413b00545e000356181.r2.dev,1,0,62,1,0,0,0,1,1,2.0,2025-08-23 14:38:38
https://currently3035.weebly.com/,currently3035.weebly.com,1,0,33,1,0,0,0,0,1,18.0,2025-03-28 23:25:07
https://bafybeiayljyouughtts4v5eykgq36nfs4xeybxhployu5mmo44twodavqa.ipfs.nftstorage.link/paymentprocessingorder.html,bafybeiayljyouughtts4v5eykgq36nfs4xeybxhployu5mmo44twodavqa.ipfs.nftstorage.link,1,0,116,1,0,0,0,0,1,2.0,2028-02-11 10:44:03.906000
https://docs.google.com/drawings/d/1NYFGD8Ke6KEFtDZBPhas2DdR82Q0upxeHil_4H4kvuU,docs.google.com,1,0,79,3,0,0,0,0,1,26.0,2028-09-14 04:00:00
https://trezorapp---an.gitbook.io/us,trezorapp---an.gitbook.io,1,0,36,1,0,0,0,1,1,10.0,2025-03-30 06:09:09
http://inshaesrdtgufytdrsxdtfyguuyftdrszxdfytdrsdtfyguuyftdrsdtfy.pages.dev,inshaesrdtgufytdrsxdtfyguuyftdrszxdfytdrsdtfyguuyftdrsdtfy.pages.dev,1,0,75,0,0,0,0,0,1,,
https://metmsk-waalet.gitbook.io/us,metmsk-waalet.gitbook.io,1,0,35,1,0,0,0,1,1,10.0,2025-03-30 06:09:09
https://ppt.cc/f6wbBx,ppt.cc,1,0,21,1,0,0,0,0,1,16.0,2026-03-31 12:50:10
https://docs.google.com/presentation/d/e/2PACX-1vQ9PsFg3Vq_XgnYmzL0hFR-LgsrE-mZQU6_KEm2X0A1hgfROuJrgTDCSLSQM0h8ENo0pjPNw7T6Vdyn/pub?start=false&amp;loop=false&amp;delayms=3000&amp;slide=id.p,docs.google.com,1,0,190,5,0,0,0,0,1,26.0,2028-09-14 04:00:00
https://new.express.adobe.com/webpage/IMYuLTaesVo9A,new.express.adobe.com,1,0,51,2,0,0,0,0,1,37.0,2025-05-17 01:48:14
https://docs.google.com/presentation/d/e/2PACX-1vQDxqwC1ELqgacPm2FwFjLyi0NBLrFcO7-wI-RPhE98D2Xwpi1KS6eIZmuccT85oS-5VAg0aNe2wIQg/pub?start=false&amp;loop=false&amp;delayms=3000,docs.google.com,1,0,175,5,0,0,0,0,1,26.0,2028-09-14 04:00:00
https://link.space/@rxx,link.space,1,1,23,1,0,0,0,0,1,1.0,2024-10-13 23:59:59
https://cryputuccomunlogin.gitbook.io/usa,cryputuccomunlogin.gitbook.io,1,0,41,1,0,0,0,0,1,10.0,2025-03-30 06:09:09
https://docs.google.com/drawings/d/1Tp6N0iGnMoHzIO5qmAoPglzUg3jfEj7kJ1BJE9NJazU/edit,docs.google.com,1,0,84,4,0,0,0,0,1,26.0,2028-09-14 04:00:00
https://mail-account-box.webflow.io,mail-account-box.webflow.io,1,0,35,0,0,0,0,1,1,11.0,2028-05-08 02:20:57
https://ghardsoft.com/owa/,ghardsoft.com,1,0,26,2,0,0,1,0,1,7.0,2025-01-23 22:51:50
https://bit.ly/4fJSWT5,bit.ly,1,0,22,1,0,0,1,0,1,16.0,2032-05-17 22:00:00
https://suspristycoldrive.firebaseapp.com/,suspristycoldrive.firebaseapp.com,1,0,42,1,0,0,0,0,1,,
https://walletconect-docsa.gitbook.io/,walletconect-docsa.gitbook.io,1,0,38,1,0,0,0,1,1,10.0,2025-03-30 06:09:09
https://new.express.adobe.com/webpage/8v3VsIZ6mOd7F,new.express.adobe.com,1,0,51,2,0,0,0,0,1,37.0,2025-05-17 01:48:14
https://o1x.25412458.xyz/ejmjdph3/7E8MKR/7,o1x.25412458.xyz,0,0,42,3,0,0,0,0,0,0.0,2025-08-16 23:59:59
https://belpost.me/,belpost.me,1,0,19,1,0,0,0,0,1,0.0,2025-07-19 06:43:04
https://reftiii345.weebly.com/,reftiii345.weebly.com,1,0,30,1,0,0,0,0,1,18.0,2025-03-28 23:25:07
https://madcashxfinity.weebly.com/,madcashxfinity.weebly.com,1,0,34,1,0,0,0,0,1,18.0,2025-03-28 23:25:07
https://t.co/Y9wZspsc5x,t.co,1,0,23,1,0,0,1,0,1,14.0,2025-04-25 23:59:59
https://cloudflare-ipfs.com/ipfs/bafybeibprygwvcg2hw57fjbuwkndscqgiw3syk4par2vk3mhllstkj3xam/mbp7.html,cloudflare-ipfs.com,1,0,102,3,0,0,0,1,1,6.0,2032-05-30 14:15:34
https://plinpostea.life/,plinpostea.life,0,0,24,1,0,0,0,0,0,0.0,2025-08-09 08:11:31
https://trezordswallet.gitbook.io/us,trezordswallet.gitbook.io,1,0,36,1,0,0,0,0,1,10.0,2025-03-30 06:09:09
https://ipfs.io/ipfs/QmeUncaFC4gQgEeGQRtGf9Qtn657WGTEEVzSDXWJgzk5QC/oG_YBozKmUbEwdC.html,ipfs.io,1,0,88,3,0,0,0,0,1,10.0,2025-05-16 18:34:42
https://statement-smbc.com,statement-smbc.com,0,0,26,0,0,0,0,1,0,0.0,2025-08-10 16:12:30
https://att-106192.weeblysite.com/,att-106192.weeblysite.com,1,0,34,1,0,0,0,1,1,11.0,2024-12-19 04:07:22
https://att-104707.weeblysite.com/,att-104707.weeblysite.com,1,0,34,1,0,0,0,1,1,11.0,2024-12-19 04:07:22
https://principi-sulle-normative-pubblicitarie-zy.vercel.app/,principi-sulle-normative-pubblicitarie-zy.vercel.app,1,0,61,1,0,0,0,1,1,,
https://nouveauprogramme.weebly.com/,nouveauprogramme.weebly.com,1,0,36,1,0,0,0,0,1,18.0,2025-03-28 23:25:07
https://t.co/vK0awH9wHy,t.co,1,0,23,1,0,0,1,0,1,14.0,2025-04-25 23:59:59
http://rastrobel.com.br/esfera/gomeuspontos864,rastrobel.com.br,1,0,46,2,0,0,0,0,1,6.0,2025-10-10 00:00:00
https://pub-9204f20e06e047fc844db30aa53e5d5c.r2.dev/index.html,pub-9204f20e06e047fc844db30aa53e5d5c.r2.dev,1,0,62,1,0,0,0,1,1,2.0,2025-08-23 14:38:38
https://bafkreie5f25zw6guwtd6k6b3yjrabi34xd3nd7dqc646vwywhtkvhuk42m.ipfs.nftstorage.link,bafkreie5f25zw6guwtd6k6b3yjrabi34xd3nd7dqc646vwywhtkvhuk42m.ipfs.nftstorage.link,1,0,88,0,0,0,0,0,1,2.0,2028-02-11 10:44:03.906000
https://pfgarberr.wixsite.com/my-site,pfgarberr.wixsite.com,1,0,37,1,0,0,0,0,1,,
https://collectif-f51962.ingress-comporellon.ewp.live/wp-content/plugins/landbouw/pages/region.php,collectif-f51962.ingress-comporellon.ewp.live,1,0,98,5,0,0,0,1,1,2.0,2027-05-26 13:46:56
https://docs.google.com/presentation/d/e/2PACX-1vTjZqkz9WLF_fIkIcsI-55f82BDYMStPQsVxmaHZhgoTYCKH2mt0Y2bi6oD8g3z6zUUWkVE9_sZhpUo/pub?start=false&amp;loop=false&amp;delayms=3000,docs.google.com,1,0,175,5,0,0,0,0,1,26.0,2028-09-14 04:00:00
https://telstra-104891.weeblysite.com/,telstra-104891.weeblysite.com,1,0,38,1,0,0,0,1,1,11.0,2024-12-19 04:07:22
https://cloudflare-ipfs.com/ipfs/bafybeibajru4aogzmkol3evjwonxdeqnmdsqlvcee6vtrmnunfszd424ba/aruba.it.html,cloudflare-ipfs.com,1,0,106,3,0,0,0,1,1,6.0,2032-05-30 14:15:34
https://tinyurl.com/publons-JABB,tinyurl.com,1,0,32,1,0,0,1,0,1,22.0,2029-01-27 06:17:41
https://bit.ly/4fHYwWb,bit.ly,1,0,22,1,0,0,1,0,1,16.0,2032-05-17 22:00:00
https://geminilogenne.gitbook.io/us,geminilogenne.gitbook.io,1,0,35,1,0,0,0,0,1,10.0,2025-03-30 06:09:09
https://coinbaeprol0gin.gitbook.io/us,coinbaeprol0gin.gitbook.io,1,0,37,1,0,0,0,0,1,10.0,2025-03-30 06:09:09
https://uprankk.in/thoo/chinaMail%20Fud2023_done/china/,uprankk.in,1,0,55,4,0,0,0,0,1,0.0,2026-04-05 06:14:04
https://tinyurl.com/2p84b3rs,tinyurl.com,1,0,28,1,0,0,1,0,1,22.0,2029-01-27 06:17:41
https://servicecomptarhs-dot-yamm-track.appspot.com/2OgODfYicTckpFH6lwhwyPUGbhaAbHUNC37_CAwTZy5a9cauckAExy75qt7z_luRRgc3n7WogdY80SVOnTrf1y7tFkva3PwXI3nf-jBSrgiesc1ooi3b4rpYtU33StGZCKzbkVTjHPrIfkDRZOPXEHOOlxaZIZXtK8A8892V-PyY4QQlwsUIYnPxilMKj443NMNHSj4mQ9jQLcLfswbGKtR82TnNtlEN-N2anM07XCiIZh_35XPas2TmFdrkolr2ohR-hrHrY9PLD8wvr8am_5VKYBHwBVzZlMLvawLCO94BmDKd1eQVICynWa2Cgnwvm23tSL6l8cMAqhILKpdzWoAyfOfq5p3hGUdqbAeKt9jaMudtU70ae8CzCV2zkJSE8KzvkTEXUOv1E6cQl7-YzdTUfYBbkr_WYQoSjOEAhgZbfhWzvCJrviTbNMA7zhrCJrMT9k3c,servicecomptarhs-dot-yamm-track.appspot.com,1,0,508,1,0,0,1,1,1,,
https://pub-4054e7f05a57459e88c44b940037f4fb.r2.dev/wnnslo.htm,pub-4054e7f05a57459e88c44b940037f4fb.r2.dev,1,0,62,1,0,0,0,1,1,2.0,2025-08-23 14:38:38
https://accesrewards.web.app/#/,accesrewards.web.app,1,0,31,1,0,0,0,0,1,,
https://kyaa.info/lk29c,kyaa.info,1,0,23,1,0,0,0,0,1,2.0,2025-02-12 19:31:24
https://docs.google.com/presentation/d/e/2PACX-1vTVuAZPV80r-uOK5627Cqy0ZICWu_NLC18huXuHRTLVsh3s-VnRTOoLphDV6VFzL-1e4bBRdZsaV6DF/pub?start=false&loop=false&delayms=3000,docs.google.com,1,0,167,5,0,0,0,0,1,26.0,2028-09-14 04:00:00
https://domappcheckomeg19.web.app/,domappcheckomeg19.web.app,1,0,34,1,0,0,0,0,1,,
http://www.rta-home.gorilllaflows.com,www.rta-home.gorilllaflows.com,1,0,37,0,0,0,0,1,1,0.0,2024-12-14 07:10:33
https://hypeprimates.web.app/,hypeprimates.web.app,1,0,29,1,0,0,0,0,1,,
https://surl.li/pxyjzg,surl.li,1,0,22,1,0,0,0,0,1,,
https://rambolum678544894.weebly.com/,rambolum678544894.weebly.com,1,0,37,1,0,0,0,0,1,18.0,2025-03-28 23:25:07
https://ipfs.eth.aragon.network/ipfs/bafkreigxbcyyfeyae72uxpudn4ggkhkvmfazvjcg37yzokcy5ae6c2cy4q,ipfs.eth.aragon.network,1,0,96,2,0,0,0,0,1,7.0,2025-03-29 14:11:10
https://treazalese.gitbook.io/us,treazalese.gitbook.io,1,0,32,1,0,0,0,0,1,10.0,2025-03-30 06:09:09
https://colombiaups.store/,colombiaups.store,0,0,26,1,0,0,0,0,0,0.0,2025-08-22 23:59:59
http://zuza.stefek.szczecin.pl/Webmail/45/Webmail/webmail.php,zuza.stefek.szczecin.pl,1,0,61,4,0,0,0,0,1,,
https://leear-k-trezuur.gitbook.io/us,leear-k-trezuur.gitbook.io,1,0,37,1,0,0,0,1,1,10.0,2025-03-30 06:09:09
https://coinxextension.gitbook.io/us,coinxextension.gitbook.io,1,0,36,1,0,0,0,0,1,10.0,2025-03-30 06:09:09
https://lookerstudio.google.com/reporting/4d840f9e-a236-4991-909e-67ace078b763/page/1M?s=utD9bBjXL80,lookerstudio.google.com,1,0,100,4,0,0,0,0,1,26.0,2028-09-14 04:00:00
https://candystoresmiles.activehosted.com/f/1,candystoresmiles.activehosted.com,1,0,45,2,0,0,0,0,1,20.0,2025-09-01 23:57:45
https://forms.office.com/pages/responsepage.aspx?id=DQSIkWdsW0yxEjajBLZtrQAAAAAAAAAAAAO__WN1clNUMFBNSFU5NENVT1JYOEdOQ1BQNlRSOUEwTy4u&amp;fbclid=IwAR3UvMjXltUm0P47JEjc8YdiwB9LVyxYbU_PoFFOL48RG7EEDjmgECBN35Q,forms.office.com,1,0,205,2,0,0,0,0,1,25.0,2025-04-20 04:00:00
https://ashleybecklivenueve.firebaseapp.com/,ashleybecklivenueve.firebaseapp.com,1,0,44,1,0,0,0,0,1,,
https://docs.google.com/presentation/d/e/2PACX-1vRu2mwVilqmQs6urf7OBtrgxXh5S2xGymJZBkL7efP93l95s5aKMlE98uWza07FEHZkQEBvb5m1vxYp/pub?start=false&amp;loop=false&amp;delayms=3000,docs.google.com,1,0,175,5,0,0,0,0,1,26.0,2028-09-14 04:00:00
https://inrvnacinec.webcindario.com/,inrvnacinec.webcindario.com,1,0,36,1,0,0,0,0,1,23.0,2028-02-28 12:45:04
https://phaontm-wallem.gitbook.io/us,phaontm-wallem.gitbook.io,1,0,36,1,0,0,0,1,1,10.0,2025-03-30 06:09:09
https://edikhtgsbdc.weebly.com/,edikhtgsbdc.weebly.com,1,0,31,1,0,0,0,0,1,18.0,2025-03-28 23:25:07
https://pub-fb64ea31bb8643b9ba99ea2c2245117c.r2.dev/CHAMELEONdjhj.html,pub-fb64ea31bb8643b9ba99ea2c2245117c.r2.dev,1,0,70,1,0,0,0,1,1,2.0,2025-08-23 14:38:38
https://dwjporbh.top,dwjporbh.top,0,0,20,0,0,0,0,0,0,0.0,2025-07-30 08:27:32
https://dotzbr-prod.mirakl.net/login/oauth2/mirakl-sso?prompt=none,dotzbr-prod.mirakl.net,1,0,66,3,0,0,0,1,1,11.0,2024-11-06 10:10:45
https://warehll.xyz/,warehll.xyz,0,0,20,1,0,0,0,0,0,0.0,2025-08-12 23:59:59
https://ejusdemfarin.firebaseapp.com/,ejusdemfarin.firebaseapp.com,1,0,37,1,0,0,0,0,1,,
https://forms.office.com/pages/responsepage.aspx?id=DQSIkWdsW0yxEjajBLZtrQAAAAAAAAAAAAO__WN1clNUMFBNSFU5NENVT1JYOEdOQ1BQNlRSOUEwTy4u&amp;fbclid=IwAR2mrgYyVtcJm4QBWZPakSf6g3AdqZnvEUc_qPJXssmiophClStI_up5S04,forms.office.com,1,0,205,2,0,0,0,0,1,25.0,2025-04-20 04:00:00
https://visionsfcuview.org/signin,visionsfcuview.org,0,0,33,1,0,0,0,0,0,0.0,2025-08-09 12:32:47
https://tinyurl.com/25ub4934,tinyurl.com,1,0,28,1,0,0,1,0,1,22.0,2029-01-27 06:17:41
https://docs.google.com/presentation/d/e/2PACX-1vS-xzia860f71R_LYoYdsokBva_-y9Hy5OLQ11kR_bTr0hNdUxVWtE594bjHdlwrq-RMgTRBoYOMO6v/pub?start=false&amp;loop=false&amp;delayms=3000,docs.google.com,1,0,175,5,0,0,0,0,1,26.0,2028-09-14 04:00:00
https://tinyurl.com/yoertcu9,tinyurl.com,1,0,28,1,0,0,1,0,1,22.0,2029-01-27 06:17:41
https://pub-f350397a253c48a5aa1ad4e92dc5f4e9.r2.dev/Alldomain-index.html,pub-f350397a253c48a5aa1ad4e92dc5f4e9.r2.dev,1,0,72,1,0,0,0,1,1,2.0,2025-08-23 14:38:38
https://service.royalmailukm.info/,service.royalmailukm.info,0,0,34,1,0,0,0,0,0,0.0,2025-08-22 18:24:00
https://recoversupporttt.start.page/,recoversupporttt.start.page,1,0,36,1,0,0,0,0,1,3.0,2025-03-17 01:30:18
https://coinbsextnnsins.gitbook.io/us,coinbsextnnsins.gitbook.io,1,0,37,1,0,0,0,0,1,10.0,2025-03-30 06:09:09
https://d49479ec.sibforms.com/serve/MUIFACIkRe1uHvZ5EsNZlRyuQ6IFZ_obtZB_5BdLFN7mJnWt_X9VN9pBWm_lxF5iYH7p9bNoRjaoyMvbu1AK9Utu2Fxzt9l3h-U-P2SU4RMVEUpeCkqlRnXZYQXFnmDUw2wVKm20EnAhfgUV4xeYSfVNCuKEdQdrNReSytuwjXhOyj2LjwduhpDCtBhRNA53E-sCCxBWWLJRZWoO,d49479ec.sibforms.com,1,0,244,2,0,0,0,0,1,6.0,2025-07-04 07:18:13
https://sparkass-sidcheck6.firebaseapp.com/,sparkass-sidcheck6.firebaseapp.com,1,0,43,1,0,0,0,1,1,,
https://grab1.icu/?entity=31321,grab1.icu,0,0,31,1,0,0,0,0,0,0.0,2025-07-19 23:59:59
https://qrco.de/bfKYMj,qrco.de,1,0,22,1,0,0,0,0,1,,
https://bit.ly/3W4abXu,bit.ly,1,0,22,1,0,0,1,0,1,16.0,2032-05-17 22:00:00
https://david-base376573.pages.dev/,david-base376573.pages.dev,1,0,35,1,0,0,0,1,1,,
https://docs.google.com/presentation/d/e/2PACX-1vQ-k7vgNnGoNeMTn32KKIAd6BkI0Wb2uRcvzocLHneOFsGV4NQA6do56_MOuDnOcjzUOpcQkMLTBMU0/pub?start=true&amp;loop=true&amp;delayms=1000,docs.google.com,1,0,173,5,0,0,0,0,1,26.0,2028-09-14 04:00:00
https://express-sy-maj.top/,express-sy-maj.top,0,0,27,1,0,0,0,1,0,0.0,2025-08-09 04:38:44
https://docs.google.com/presentation/d/e/2PACX-1vRBa1ogbGAQliM9Z5rSuzqCJpOeZAoCNjn0kSZ86Wk03RFKgNAb7M7l7SPVMyRSRlqS5jSRSNFIi2N4/pub?start=false&amp;loop=false&amp;delayms=3000,docs.google.com,1,0,175,5,0,0,0,0,1,26.0,2028-09-14 04:00:00
https://bt-103020.weeblysite.com/,bt-103020.weeblysite.com,1,0,33,1,0,0,0,1,1,11.0,2024-12-19 04:07:22
https://q-r.to/bfJ0A4,q-r.to,1,0,21,1,0,0,0,1,1,,
http://navernewsletter-7fmeelx50-steveappeal77-gmailcom.vercel.app/,navernewsletter-7fmeelx50-steveappeal77-gmailcom.vercel.app,1,0,67,1,0,0,0,1,1,,
https://facebookcenter1001982749871.web.app/,facebookcenter1001982749871.web.app,1,0,44,1,0,0,0,0,1,,
https://btbroadbandpllcc.weebly.com/,btbroadbandpllcc.weebly.com,1,0,36,1,0,0,0,0,1,18.0,2025-03-28 23:25:07
https://telegra.ph/British-Telecommunication-08-13,telegra.ph,1,0,50,1,0,0,0,0,1,,
https://home-apps--metmaask-ex.gitbook.io/us,home-apps--metmaask-ex.gitbook.io,1,0,44,1,0,0,0,1,1,10.0,2025-03-30 06:09:09
https://alloua.info/,alloua.info,0,0,20,1,0,0,0,0,0,0.0,2025-07-29 21:27:44
https://service000.weebly.com/,service000.weebly.com,1,0,30,1,0,0,0,0,1,18.0,2025-03-28 23:25:07
https://docs.google.com/presentation/d/e/2PACX-1vSh5K3rljDdI1liWecP8sW7CbhDOm9XCAs0SdlMCO1__JCCozKs0dfUd9wUnj6UjFKvrmQRgXYvAADn/pub?start=false&loop=false&delayms=3000&slide=id.p,docs.google.com,1,0,178,5,0,0,0,0,1,26.0,2028-09-14 04:00:00
https://pttgovbfegroup.icu/,pttgovbfegroup.icu,0,0,27,1,0,0,0,0,0,,
https://www.dropbox.com/scl/fi/k2kd65xrfldzaoevd2yg6/Checking-Active-Service.papert?rlkey=sljy0wajho4dpnc1obr034rv8&dl=0,www.dropbox.com,1,0,120,4,0,0,1,0,1,29.0,2025-06-27 04:00:00
https://qrco.de/bfKGq4,qrco.de,1,0,22,1,0,0,0,0,1,,
https://swiftchainmulticoin.pages.dev/,swiftchainmulticoin.pages.dev,1,0,38,1,0,0,0,0,1,,
https://tinyurl.com/5njemm44,tinyurl.com,1,0,28,1,0,0,1,0,1,22.0,2029-01-27 06:17:41
https://centrum-109383.weeblysite.com/,centrum-109383.weeblysite.com,1,0,38,1,0,0,0,1,1,11.0,2024-12-19 04:07:22
http://sp572711.sitewiz.co.nz/,sp572711.sitewiz.co.nz,1,0,30,1,0,0,0,0,1,,
https://urlz.fr/rRCk,urlz.fr,1,0,20,1,0,0,0,0,1,13.0,2027-05-14 15:38:28
https://cf-ipfs.com/ipfs/QmYFKQ73xFjuS1FieYFjWGNpk3RwjYwns2mPJvqwLTrycK/fsvsdjb76232g.html,cf-ipfs.com,1,0,90,3,0,0,0,1,1,5.0,2032-12-05 16:31:16
https://pub-e9c879a190ed4ed7bc729bef9fc74eff.r2.dev/index.html,pub-e9c879a190ed4ed7bc729bef9fc74eff.r2.dev,1,0,62,1,0,0,0,1,1,2.0,2025-08-23 14:38:38
https://cttposter.top/,cttposter.top,1,0,22,1,0,0,0,0,1,0.0,2025-08-07 16:30:47
https://cloudflare-ipfs.com/ipfs/bafybeig4kuskm3b3u2yww2hjym543cpb5jwlp2ing6viznd4csskt5q5e4#info@banrural.com.gt,cloudflare-ipfs.com,1,1,113,2,0,0,0,1,1,6.0,2032-05-30 14:15:34
https://ipfs.io/ipfs/bafybeielufv6vgbpzh2adsdquh2puvsegbwainras22jtblzghjwsavzey#x@x.com,ipfs.io,1,1,88,2,0,0,0,0,1,10.0,2025-05-16 18:34:42
https://correo-uyr.vip/,correo-uyr.vip,1,0,23,1,0,0,0,1,1,0.0,2025-08-19 11:58:30
https://pub-ebb71330b97d4734b606c9915380e40b.r2.dev/l.html,pub-ebb71330b97d4734b606c9915380e40b.r2.dev,1,0,58,1,0,0,0,1,1,2.0,2025-08-23 14:38:38
https://motemacsklogiz.gitbook.io/us,motemacsklogiz.gitbook.io,1,0,36,1,0,0,0,0,1,10.0,2025-03-30 06:09:09
https://new.express.adobe.com/webpage/TkgnH0o3Bmulc,new.express.adobe.com,1,0,51,2,0,0,0,0,1,37.0,2025-05-17 01:48:14
https://4ygbgwm0p.duckdns.org,4ygbgwm0p.duckdns.org,1,0,29,0,0,0,0,0,1,,
https://sdlkjsldkf.firebaseapp.com/,sdlkjsldkf.firebaseapp.com,1,0,35,1,0,0,0,0,1,,
https://pub-39d0819a71c54c7f94ab82c35a75b026.r2.dev/RWMAIL.html,pub-39d0819a71c54c7f94ab82c35a75b026.r2.dev,1,0,63,1,0,0,0,1,1,2.0,2025-08-23 14:38:38
https://metmcklogoe.gitbook.io/us,metmcklogoe.gitbook.io,1,0,33,1,0,0,0,0,1,10.0,2025-03-30 06:09:09
https://domainsecurityerror.firebaseapp.com/,domainsecurityerror.firebaseapp.com,1,0,44,1,0,0,0,0,1,,
https://docs.google.com/presentation/d/e/2PACX-1vQ2vls8CkiXvXCiwx4jiXCtuwvGR6qjfetFIJ6Uq5VxNDHFJL415OJXgjepN9oo1ugcc1NUjhaaEWyV/pub?start=false&amp;loop=false&amp;delayms=3000,docs.google.com,1,0,175,5,0,0,0,0,1,26.0,2028-09-14 04:00:00
https://tr-postal.xyz/,tr-postal.xyz,0,0,22,1,0,0,0,1,0,0.0,2025-07-25 23:59:59
https://attstsv.weebly.com/,attstsv.weebly.com,1,0,27,1,0,0,0,0,1,18.0,2025-03-28 23:25:07
https://docs.google.com/presentation/d/e/2PACX-1vRKmx5gEKJBBWB6FZdMWZNxrftZBuLqdL5lywpnjlIKG9Uh0MTgxYhclN3lr6PyGynksEGTpGBZA4fJ/pub?start=false&amp;loop=false&amp;delayms=3000,docs.google.com,1,0,175,5,0,0,0,0,1,26.0,2028-09-14 04:00:00
https://transportationyvxztpro.top/,transportationyvxztpro.top,1,0,35,1,0,0,0,0,1,0.0,2025-08-19 08:56:35
https://nftstorage.link/ipfs/QmWbSMUbsER634hyvQg7xZwH89f3mAj2QZWQbUNSHFJbbX,nftstorage.link,1,0,75,2,0,0,0,0,1,2.0,2028-02-11 10:44:03.906000
https://pub-16fe70072a1c417590b4caf55c992970.r2.dev/outlook.html#m.x@x.com,pub-16fe70072a1c417590b4caf55c992970.r2.dev,1,1,74,1,0,0,0,1,1,2.0,2025-08-23 14:38:38
https://riversweeps.org/,riversweeps.org,1,0,24,1,0,0,0,0,1,5.0,2029-02-19 04:45:00
http://pub-ac039cdaad924f50a81b8acbb4fdea5c.r2.dev/dse_sign.html,pub-ac039cdaad924f50a81b8acbb4fdea5c.r2.dev,1,0,64,1,0,0,0,1,1,2.0,2025-08-23 14:38:38
https://pub-4d4afb17f5e84ee69782b3d8173cf509.r2.dev/02y65.html,pub-4d4afb17f5e84ee69782b3d8173cf509.r2.dev,1,0,62,1,0,0,0,1,1,2.0,2025-08-23 14:38:38
https://infofacturation82.wixsite.com/assistance-pro,infofacturation82.wixsite.com,1,0,52,1,0,0,0,0,1,,
https://forms.office.com/pages/responsepage.aspx?id=DQSIkWdsW0yxEjajBLZtrQAAAAAAAAAAAAO__WN1clNUMFBNSFU5NENVT1JYOEdOQ1BQNlRSOUEwTy4u&amp;fbclid=IwAR0S8wB4pmHJ8HSBroo-U0Vzy0L05QaCGyV_GdXuQJRz7vFFTAJ8X6DMjOM https://forms.office.com/pages/responsepage.aspx?,forms.office.com,1,0,255,2,0,0,0,0,1,25.0,2025-04-20 04:00:00
https://schedule-new-delivery.firebaseapp.com/,schedule-new-delivery.firebaseapp.com,1,0,46,1,0,0,0,1,1,,
https://att-login9143.weeblysite.com/,att-login9143.weeblysite.com,1,0,37,1,0,0,0,1,1,11.0,2024-12-19 04:07:22
https://wc-web-waletconect.gitbook.io/us,wc-web-waletconect.gitbook.io,1,0,40,1,0,0,0,1,1,10.0,2025-03-30 06:09:09
https://docs.google.com/presentation/d/e/2PACX-1vQpbFkH5miSOeqCHxYLI1kkwaCWv18dOLzOyOkvuNwkSKaVvw8yCIzk6XkvVLKp8ppE9O-f6VzOKl0-/pub?start=false&amp;loop=false&amp;delayms=3000,docs.google.com,1,0,175,5,0,0,0,0,1,26.0,2028-09-14 04:00:00
https://bzilcoese.web.app/,bzilcoese.web.app,1,0,26,1,0,0,0,0,1,,
https://fopbjpgoe.weebly.com/,fopbjpgoe.weebly.com,1,0,29,1,0,0,0,0,1,18.0,2025-03-28 23:25:07
https://allmy.bio/fhsgwyu,allmy.bio,1,0,25,1,0,0,0,0,1,4.0,2024-10-04 00:47:15
https://rp2.mockplus.com/run/Zc1X6LvLfY?isFrame=true&moduleID=3N48k1vFo,rp2.mockplus.com,1,0,71,2,0,0,0,0,1,10.0,2025-01-22 21:59:05
https://pub-d02ee1b4a43248bfb0d7ce50b4a05762.r2.dev/login.html,pub-d02ee1b4a43248bfb0d7ce50b4a05762.r2.dev,1,0,62,1,0,0,0,1,1,2.0,2025-08-23 14:38:38
https://ipfs.eth.aragon.network/ipfs/bafkreigkxcsagdul5r7fdqwl4i4zg6wcdklfdrtu535rfzgubpvvn65znq,ipfs.eth.aragon.network,1,0,96,2,0,0,0,0,1,7.0,2025-03-29 14:11:10
https://maryanngattii.wixsite.com/my-site,maryanngattii.wixsite.com,1,0,41,1,0,0,0,0,1,,
https://live-leddgerap-us.gitbook.io/us,live-leddgerap-us.gitbook.io,1,0,39,1,0,0,0,1,1,10.0,2025-03-30 06:09:09
https://cf-ipfs.com/ipfs/QmVfKt3QsJT2tbQkDt8cUSkmpWiixUiH2qZ4YmcAvPSoT7/vlckolawfile.htm,cf-ipfs.com,1,0,88,3,0,0,0,1,1,5.0,2032-12-05 16:31:16
https://docs.google.com/drawings/d/1KNBDPL6E8R3HlaWBag6HziCX6jSOkXhhJY9kp7OgXlI/edit,docs.google.com,1,0,84,4,0,0,0,0,1,26.0,2028-09-14 04:00:00
https://mari-etta98.systeme.io/chaty/urtre,mari-etta98.systeme.io,1,0,42,2,0,0,0,1,1,9.0,2028-07-06 14:01:05
https://bit.ly/3ShYc6E,bit.ly,1,0,22,1,0,0,1,0,1,16.0,2032-05-17 22:00:00
https://david-deep412.pages.dev,david-deep412.pages.dev,1,0,31,0,0,0,0,1,1,,
https://docs.google.com/presentation/d/e/2PACX-1vT0LWKwb9P98i92z48PHmU40IE8pOg_Td7EaqhYjrGt2kWZUXMTiXvQ1Jjz5Hx68zDTgOVdJyk336Dy/pub?start=false&amp;loop=false&amp;delayms=3000,docs.google.com,1,0,175,5,0,0,0,0,1,26.0,2028-09-14 04:00:00
https://serviciopostalgoblel.top/,serviciopostalgoblel.top,1,0,33,1,0,0,0,0,1,0.0,2025-08-13 11:50:18
https://wwxhajudjgwjklckvzgs8.firebaseapp.com/,wwxhajudjgwjklckvzgs8.firebaseapp.com,1,0,46,1,0,0,0,0,1,,
https://docs.google.com/presentation/d/e/2PACX-1vTg7vC8d0rEuyk430VMnO-BGAGZTjWy6TQbLdlMZrSsx3U71xkaJSO2tryNYlqH1zGB9XA_Toy64XoJ/pub?start=false&amp;loop=false&amp;delayms=3000&amp;slide=id.p,docs.google.com,1,0,190,5,0,0,0,0,1,26.0,2028-09-14 04:00:00
https://pub-4e66d0cf269b4d269539f7b4f4909b03.r2.dev/doc_start.html,pub-4e66d0cf269b4d269539f7b4f4909b03.r2.dev,1,0,66,1,0,0,0,1,1,2.0,2025-08-23 14:38:38
https://pub-d1d53554e8404bf1920f00fc4d817a4c.r2.dev/mawebmail.html,pub-d1d53554e8404bf1920f00fc4d817a4c.r2.dev,1,0,66,1,0,0,0,1,1,2.0,2025-08-23 14:38:38
https://homepage-eigenlayer.gitbook.io/us,homepage-eigenlayer.gitbook.io,1,0,41,1,0,0,0,1,1,10.0,2025-03-30 06:09:09
https://learntrezor-auth.gitbook.io/us,learntrezor-auth.gitbook.io,1,0,38,1,0,0,0,1,1,10.0,2025-03-30 06:09:09
https://adkjcqkuz.web.app/,adkjcqkuz.web.app,1,0,26,1,0,0,0,0,1,,
http://from-ia.com/,from-ia.com,1,0,19,1,0,0,0,1,1,17.0,2025-01-03 17:16:58
https://cloudflare-ipfs.com/ipfs/QmbKri1nX4eJsk6o71ze6uR6NNYfohsJ6Csf3k2nKHuWZX?#x@x.com,cloudflare-ipfs.com,1,1,88,2,0,0,0,1,1,6.0,2032-05-30 14:15:34
http://central-servicos.paginas.email/areadocliente/?,central-servicos.paginas.email,1,0,53,2,0,0,0,1,1,7.0,2025-02-01 16:07:39
https://pub-e38f68739aa543dca7dc6746161bbb2f.r2.dev/index.html,pub-e38f68739aa543dca7dc6746161bbb2f.r2.dev,1,0,62,1,0,0,0,1,1,2.0,2025-08-23 14:38:38
https://learn-trzorwalletorg.gitbook.io/us,learn-trzorwalletorg.gitbook.io,1,0,42,1,0,0,0,1,1,10.0,2025-03-30 06:09:09
https://5o0h51.duckdns.org,5o0h51.duckdns.org,0,0,26,0,0,0,0,0,1,,
https://docs.google.com/presentation/d/e/2PACX-1vQAsuXfSemliYQabtFrKHf8SKzFbrd1ic4xQim0N7yLbMpQl1iXy2bVrZlW-RvkNquKmvDAMf4IKHL6/pub?start=false&amp;loop=false&amp;delayms=3000,docs.google.com,1,0,175,5,0,0,0,0,1,26.0,2028-09-14 04:00:00
https://jemi.so/0292u6,jemi.so,1,0,22,1,0,0,0,0,1,3.0,2025-07-31 18:14:19
https://l.ead.me/bfKAok,l.ead.me,1,0,23,1,0,0,0,0,1,8.0,2024-10-20 08:13:42
https://webmail-103352.weeblysite.com/,webmail-103352.weeblysite.com,1,0,38,1,0,0,0,1,1,11.0,2024-12-19 04:07:22
https://pub-d250b0100bce40d2b28982f249506e8b.r2.dev/index.html,pub-d250b0100bce40d2b28982f249506e8b.r2.dev,1,0,62,1,0,0,0,1,1,2.0,2025-08-23 14:38:38
https://postevrifsgiu.top/UK,postevrifsgiu.top,1,0,28,1,0,0,1,0,1,0.0,2025-08-21 12:02:24
https://trusxtwaallet.gitbook.io/us,trusxtwaallet.gitbook.io,1,0,35,1,0,0,0,0,1,10.0,2025-03-30 06:09:09
https://atosp.weebly.com/,atosp.weebly.com,1,0,25,1,0,0,0,0,1,18.0,2025-03-28 23:25:07
https://shaw-102319.weeblysite.com/,shaw-102319.weeblysite.com,1,0,35,1,0,0,0,1,1,11.0,2024-12-19 04:07:22
http://pub-4e9dcc9c391f449d97cae3d5b9245010.r2.dev/utility_base.html,pub-4e9dcc9c391f449d97cae3d5b9245010.r2.dev,1,0,68,1,0,0,0,1,1,2.0,2025-08-23 14:38:38
https://qrco.de/bfII2e,qrco.de,1,0,22,1,0,0,0,0,1,,
https://pub-37ebab484a97451795f52478434a4269.r2.dev/general-938784748948.html,pub-37ebab484a97451795f52478434a4269.r2.dev,1,0,77,1,0,0,0,1,1,2.0,2025-08-23 14:38:38
https://uhefevmnbqp.weebly.com/,uhefevmnbqp.weebly.com,1,0,31,1,0,0,0,0,1,18.0,2025-03-28 23:25:07
https://pub-31160bb6cd4b417ea087b389d45435a2.r2.dev/link.html,pub-31160bb6cd4b417ea087b389d45435a2.r2.dev,1,0,61,1,0,0,0,1,1,2.0,2025-08-23 14:38:38
https://docs.google.com/presentation/d/e/2PACX-1vQ3LEDTP3nkbiIEQX7_Xt4p0YWfxnHYehDm31p--BL4HiXhka0pScyalYc_-lzlcfL3YiGeyflbhs0Y/pub?start=false&amp;loop=false&amp;delayms=3000,docs.google.com,1,0,175,5,0,0,0,0,1,26.0,2028-09-14 04:00:00
https://we-kjswiz901-px83syw72q.vercel.app/zswa.html?email=xx@xxx,we-kjswiz901-px83syw72q.vercel.app,1,1,65,1,0,0,0,1,1,,
https://home-103343.weeblysite.com/,home-103343.weeblysite.com,1,0,35,1,0,0,0,1,1,11.0,2024-12-19 04:07:22
https://lookerstudio.google.com/s/g0kv3be5Ork,lookerstudio.google.com,1,0,45,2,0,0,0,0,1,26.0,2028-09-14 04:00:00
https://u3l.co/FD2Dv,u3l.co,1,0,20,1,0,0,0,0,1,1.0,2024-11-13 05:52:45
https://trackpkgpost.top/,trackpkgpost.top,1,0,25,1,0,0,0,0,1,0.0,2025-07-24 07:01:45
https://shorturl.at/nxELP,shorturl.at,1,0,25,1,0,0,0,0,1,,
https://docs.google.com/presentation/d/e/2PACX-1vSnoa26J58oHDLsTs9en72CMIRe1emjRQFKAKOd-NA1kiLN5FVH-qESvl-dzJBuM74_jkTVLzmTWjFK/pub?start%3Dfalse%26loop%3Dfalse%26delayms%3D3000%26slide%3Did.p&source=gmail&ust=1706769962138000&usg=AOvVaw2_dSnUH3yIN7l4ir5C6eGD,docs.google.com,1,0,259,5,0,0,0,0,1,26.0,2028-09-14 04:00:00
https://telstra-102742.weeblysite.com/,telstra-102742.weeblysite.com,1,0,38,1,0,0,0,1,1,11.0,2024-12-19 04:07:22
https://emsyog5-post.top/,emsyog5-post.top,0,0,25,1,0,0,0,1,0,0.0,2025-08-22 09:53:26
https://tasksprofilehub.com/193.143.1.14,tasksprofilehub.com,1,0,40,1,0,0,0,0,1,0.0,2025-07-01 09:27:12
https://document-review.abcplumbingcompany.workers.dev/,document-review.abcplumbingcompany.workers.dev,1,0,55,1,0,0,0,1,1,,
https://hello-world-lucky-disk-a2eb.donnadiorio.workers.dev/,hello-world-lucky-disk-a2eb.donnadiorio.workers.dev,1,0,60,1,0,0,0,1,1,,
https://currently8765.weebly.com/,currently8765.weebly.com,1,0,33,1,0,0,0,0,1,18.0,2025-03-28 23:25:07
http://newburycafe.co.za/Webmail/26/Webmail/webmail.php,newburycafe.co.za,1,0,55,4,0,0,0,0,1,6.0,2025-06-14 14:58:20
https://shaw-107513.weeblysite.com/,shaw-107513.weeblysite.com,1,0,35,1,0,0,0,1,1,11.0,2024-12-19 04:07:22
https://david-tation0890.pages.dev,david-tation0890.pages.dev,1,0,34,0,0,0,0,1,1,,
https://162.62.58.198/,162.62.58.198,1,0,22,1,0,0,0,0,1,,
https://docs.google.com/presentation/d/e/2PACX-1vQtv2TbIVd91IvKIArkG8gryPlLJIy_0W41KEK06MPvQUk0hDbLte05tzoT2-5Ty4yLQR4PQoEmdo2T/pub?start=false&amp;loop=false&amp;delayms=3000,docs.google.com,1,0,175,5,0,0,0,0,1,26.0,2028-09-14 04:00:00
http://allegro-online.ru/c/dlya-devochek,allegro-online.ru,1,0,40,2,0,0,0,1,1,,
https://bclivelebij.top/,bclivelebij.top,1,0,24,1,0,0,0,0,1,0.0,2025-08-15 16:33:52
https://btinternet-104138.weeblysite.com/,btinternet-104138.weeblysite.com,1,0,41,1,0,0,0,1,1,11.0,2024-12-19 04:07:22
https://lbghuii.web.app/,lbghuii.web.app,1,0,24,1,0,0,0,0,1,,
https://docs.google.com/presentation/d/e/2PACX-1vTSmXTEBjVUJ1wCSzxgcCp_pCPyHQy6Azk3LnDQo2-2Vy_olflcb425IyTMCkjCm0bDZr_55jMqwAMi/pub?start=false&amp;loop=false&amp;delayms=3000,docs.google.com,1,0,175,5,0,0,0,0,1,26.0,2028-09-14 04:00:00
http://verfications-help.000.pe/,verfications-help.000.pe,1,0,32,1,0,0,0,1,1,,
https://assenhard.firebaseapp.com/,assenhard.firebaseapp.com,1,0,34,1,0,0,0,0,1,,
https://new.express.adobe.com/webpage/k4H91AzFY3ms7,new.express.adobe.com,1,0,51,2,0,0,0,0,1,37.0,2025-05-17 01:48:14
https://usporst-uspost6-com.top/,usporst-uspost6-com.top,1,0,32,1,0,0,0,1,1,0.0,2025-08-16 10:06:12
https://yahoomaillogin01.weebly.com/,yahoomaillogin01.weebly.com,1,0,36,1,0,0,0,0,1,18.0,2025-03-28 23:25:07
https://8f67e225eae40b9c8a41da0dd7df1a2c7c37833645c0c1753046aa2fc5.pages.dev/,8f67e225eae40b9c8a41da0dd7df1a2c7c37833645c0c1753046aa2fc5.pages.dev,1,0,77,1,0,0,0,0,1,,
https://challenge-01-captcha-251959.web.app/,challenge-01-captcha-251959.web.app,1,0,44,1,0,0,0,1,1,,
https://doisjketuwhscousseuieeau02.pages.dev/,doisjketuwhscousseuieeau02.pages.dev,1,0,45,1,0,0,0,0,1,,
https://pub-d425a75e04084af3b2a043a34740b1db.r2.dev/genee-liteeueueieieeyeeyeeue-Buz.html#x@x.com,pub-d425a75e04084af3b2a043a34740b1db.r2.dev,1,1,97,1,0,0,0,1,1,2.0,2025-08-23 14:38:38
https://forms.office.com/pages/responsepage.aspx?id=DQSIkWdsW0yxEjajBLZtrQAAAAAAAAAAAAO__WmzGLJUNU9XSVNHV0NWTzdYQ1VES0lJUTFXR1lINS4u,forms.office.com,1,0,132,2,0,0,0,0,1,25.0,2025-04-20 04:00:00
https://attmanagementservicesuh.surveysparrow.com/s/ATT-Yahoo-Mail/tt-6qe9B,attmanagementservicesuh.surveysparrow.com,1,0,75,3,0,0,0,0,1,7.0,2024-10-27 14:03:21
http://pub-60e87b5895fe4d7da86b3ca90eeb5645.r2.dev/khg.html,pub-60e87b5895fe4d7da86b3ca90eeb5645.r2.dev,1,0,59,1,0,0,0,1,1,2.0,2025-08-23 14:38:38
https://treezorsuite.gitbook.io/us,treezorsuite.gitbook.io,1,0,34,1,0,0,0,0,1,10.0,2025-03-30 06:09:09
https://pack.mig-verwaltungs-ag.de/iAufladungein/,pack.mig-verwaltungs-ag.de,1,0,49,2,0,0,0,1,1,,
https://dgbneavensgco.web.app/,dgbneavensgco.web.app,1,0,30,1,0,0,0,0,1,,
https://docs.google.com/drawings/d/1LbEGrcf3dVme_-Ai3YzgOkVApEMkzBRTbPLFiNJDSyg/edit,docs.google.com,1,0,84,4,0,0,0,0,1,26.0,2028-09-14 04:00:00
https://office-assistant-107438.square.site/,office-assistant-107438.square.site,1,0,44,1,0,0,0,1,1,5.0,
https://docs.google.com/drawings/d/1NyxbfhFmAqu1mHkHga68fMr7SYkIIq-bqUycZBLLlP8/preview,docs.google.com,1,0,87,4,0,0,0,0,1,26.0,2028-09-14 04:00:00
https://pub-8ec4cd8dbd6041ff86ace22e380ced5e.r2.dev/uheggdcvskjkcnbeeijrorjbshsjkslskdjuhdjkcbduhejke.html,pub-8ec4cd8dbd6041ff86ace22e380ced5e.r2.dev,1,0,106,1,0,0,0,1,1,2.0,2025-08-23 14:38:38
https://col-poe.top/,col-poe.top,1,0,20,1,0,0,0,1,1,0.0,2025-08-20 13:49:21
https://voicem344d.pages.dev/,voicem344d.pages.dev,1,0,29,1,0,0,0,0,1,,
https://treimjorwalet.gitbook.io/us,treimjorwalet.gitbook.io,1,0,35,1,0,0,0,0,1,10.0,2025-03-30 06:09:09
https://mail.itau.astral.ovh/,mail.itau.astral.ovh,1,0,29,1,0,0,0,0,1,0.0,2024-09-23 01:30:22.166128
https://auth--service--sso-bybit.webflow.io/,auth--service--sso-bybit.webflow.io,1,0,44,1,0,0,0,1,1,11.0,2028-05-08 02:20:57
https://tinyurl.com/4hse44cc,tinyurl.com,1,0,28,1,0,0,1,0,1,22.0,2029-01-27 06:17:41
https://transporttpzqayfxzttry.top/,transporttpzqayfxzttry.top,1,0,35,1,0,0,0,0,1,0.0,2025-08-13 10:43:33
https://kyuceionlogin.gitbook.io/us,kyuceionlogin.gitbook.io,1,0,35,1,0,0,0,0,1,10.0,2025-03-30 06:09:09
https://pub-bdb1c35646ac49fc8d04ea56d252da20.r2.dev/C.htm,pub-bdb1c35646ac49fc8d04ea56d252da20.r2.dev,1,0,57,1,0,0,0,1,1,2.0,2025-08-23 14:38:38
https://t.co/wnOCgxG60X,t.co,1,0,23,1,0,0,1,0,1,14.0,2025-04-25 23:59:59
https://ipfs.io/ipfs/QmVeJiRsi3uEXMkiyoHJcekBQXXtWgsWf9cSxHPmNpntNa,ipfs.io,1,0,67,2,0,0,0,0,1,10.0,2025-05-16 18:34:42
https://microsoft-mail-100032.weeblysite.com/,microsoft-mail-100032.weeblysite.com,1,0,45,1,0,0,0,1,1,11.0,2024-12-19 04:07:22
https://app-web-trzrsuitez.gitbook.io/us,app-web-trzrsuitez.gitbook.io,1,0,40,1,0,0,0,1,1,10.0,2025-03-30 06:09:09
https://sdasdsss.webcindario.com/bipd/bipd/,sdasdsss.webcindario.com,1,0,43,3,0,0,0,0,1,23.0,2028-02-28 12:45:04
https://ipfs.best-practice.se/ipfs/bafybeifkh27c2b2hqmm2tte5jp6eq3uincyhmxxaukoespre46zjpexybe/,ipfs.best-practice.se,1,0,95,3,0,0,0,1,1,14.0,2025-06-12 00:00:00
https://chepost.club/ch/,chepost.club,1,0,24,2,0,0,0,0,1,0.0,2025-04-01 15:49:40
https://bafybeig7mwgg7krs4l4lm55dn6vfnzelchv37zfcsbncvbs53r2tejrmim.ipfs.nftstorage.link,bafybeig7mwgg7krs4l4lm55dn6vfnzelchv37zfcsbncvbs53r2tejrmim.ipfs.nftstorage.link,1,0,88,0,0,0,0,0,1,2.0,2028-02-11 10:44:03.906000
https://abc100129649142326123541.start.page/,abc100129649142326123541.start.page,1,0,44,1,0,0,0,0,1,3.0,2025-03-17 01:30:18
https://pub-9631951a161446dbb2fe0a670c8b591d.r2.dev/biamiamuamirica.html,pub-9631951a161446dbb2fe0a670c8b591d.r2.dev,1,0,72,1,0,0,0,1,1,2.0,2025-08-23 14:38:38
https://wallcoinexplore.pages.dev/app/,wallcoinexplore.pages.dev,0,0,38,2,0,0,0,0,0,,
https://pub-d1f2fc26442a48b5a91187bd92e4456d.r2.dev/termination-checlist.html,pub-d1f2fc26442a48b5a91187bd92e4456d.r2.dev,1,0,77,1,0,0,0,1,1,2.0,2025-08-23 14:38:38
https://47.254.74.101/,47.254.74.101,1,0,22,1,0,0,0,0,1,,
https://transprccc.xyz/,transprccc.xyz,0,0,23,1,0,0,0,0,0,0.0,2025-08-09 23:59:59
https://q-r.to/bfJXSp,q-r.to,1,0,21,1,0,0,0,1,1,,
https://docs.google.com/presentation/d/e/2PACX-1vQTAt0-YFbu2kdxlmM6hfj9662aZVna-pCqsnwc26SVHVaC6q1PGbKcFlNeBixaqu42BaoHYof6OeRm/pub?start=false&amp;loop=false&amp;delayms=3000,docs.google.com,1,0,175,5,0,0,0,0,1,26.0,2028-09-14 04:00:00
https://bancainternet-ar.webcindario.com/,bancainternet-ar.webcindario.com,1,0,41,1,0,0,0,1,1,23.0,2028-02-28 12:45:04
https://docs.google.com/presentation/d/e/2PACX-1vT011BVsBVmDohRcjNxOPt1gizdnZQtyvF7hL71rZfekodQmI72IvzzOqT86TKnYGZrtEnRxuNO7ctv/pub?start=false&amp;loop=false&amp;delayms=3000,docs.google.com,1,0,175,5,0,0,0,0,1,26.0,2028-09-14 04:00:00
https://spectacled-careful-office.glitch.me/public/signonmember.html,spectacled-careful-office.glitch.me,1,0,68,2,0,0,0,1,1,,
https://docs.google.com/drawings/d/1AhoGQ128QlMyJyPQQyZnU8bagTiAO9hhHypIbfIONoQ/edit,docs.google.com,1,0,84,4,0,0,0,0,1,26.0,2028-09-14 04:00:00
http://jnpost.8541254.xyz/,jnpost.8541254.xyz,0,0,26,1,0,0,0,0,0,0.0,2025-08-16 23:59:59
https://delicate-sky-9370.f3r0q4i2.workers.dev,delicate-sky-9370.f3r0q4i2.workers.dev,1,0,46,0,0,0,0,1,1,,
https://spc-swi.blogspot.com/,spc-swi.blogspot.com,1,0,29,1,0,0,1,1,1,,
https://narcissaakapsul.com/support/cloud/connections/secured/authconfig/AGIAEGKIEgcFMGLkS4zLTGgAB9MEDmAMAiAYBkAYD/att-connect/,narcissaakapsul.com,1,0,127,8,0,0,0,0,1,1.0,2025-07-22 06:51:51
https://correos-mypostq.top/sv,correos-mypostq.top,1,0,30,1,0,0,0,1,1,0.0,2025-08-19 13:26:40
https://p6868921.wixsite.com/my-site-5,p6868921.wixsite.com,1,0,38,1,0,0,0,0,1,,
https://pub-b43623d1f8d04692b046b1b89fd00e45.r2.dev/link%20(15).html,pub-b43623d1f8d04692b046b1b89fd00e45.r2.dev,1,0,68,1,0,0,0,1,1,2.0,2025-08-23 14:38:38
https://signin-att-107982.square.site/,signin-att-107982.square.site,1,0,38,1,0,0,0,1,1,5.0,2025-02-05 00:00:00+00:00
https://docs.google.com/presentation/d/e/2PACX-1vTOL0PRdNyRVFjrPOXZGRH8TakYtU2E_0KYRXxLYmq8c0deQhBGXNk4We8wkzRFATw7wt2785uIWl91/pub?start=true&amp;loop=true&amp;delayms=60000&amp;slide=id.p,docs.google.com,1,0,189,5,0,0,0,0,1,26.0,2028-09-14 04:00:00
https://web-ethena.pages.dev,web-ethena.pages.dev,1,0,28,0,0,0,0,1,1,,
https://www.aqkg.cn/,www.aqkg.cn,0,0,20,1,0,0,0,0,0,0.0,2024-09-20 19:58:26
https://pub-0d97061b3a3f4f73a39c246f5b9b9700.r2.dev/index.html,pub-0d97061b3a3f4f73a39c246f5b9b9700.r2.dev,1,0,62,1,0,0,0,1,1,2.0,2025-08-23 14:38:38
https://gegimini-loggiyn.gitbook.io/us,gegimini-loggiyn.gitbook.io,1,0,38,1,0,0,0,1,1,10.0,2025-03-30 06:09:09
https://washburrnedu.weebly.com/,washburrnedu.weebly.com,1,0,32,1,0,0,0,0,1,18.0,2025-03-28 23:25:07
https://celebrity.homelectricity.com/cgi-bin/quzmajvh/affi-access/ss.html,celebrity.homelectricity.com,1,0,73,4,0,0,0,0,1,2.0,2025-06-03 13:31:24
https://tpegohosarit.net/soVsZo-Mt71g-OUs8B-Fqpvk-cBkUC-CvMOXINF/,tpegohosarit.net,1,0,65,2,0,0,0,0,1,0.0,2025-08-25 19:11:27
https://new.express.adobe.com/webpage/sig4pf6M5WHTj,new.express.adobe.com,1,0,51,2,0,0,0,0,1,37.0,2025-05-17 01:48:14
https://docs.google.com/drawings/d/1r_UK70TIgBm119vYmoq5zOI_fRv2eMbabHZR81w_nGw/edit,docs.google.com,1,0,84,4,0,0,0,0,1,26.0,2028-09-14 04:00:00
https://metaammaesklogin.gitbook.io/us,metaammaesklogin.gitbook.io,1,0,38,1,0,0,0,0,1,10.0,2025-03-30 06:09:09
https://grove-5bd0a.web.app/,grove-5bd0a.web.app,1,0,28,1,0,0,0,1,1,,
https://new.express.adobe.com/webpage/ASTth3RIEO5BP,new.express.adobe.com,1,0,51,2,0,0,0,0,1,37.0,2025-05-17 01:48:14
https://oib.pages.dev/,oib.pages.dev,1,0,22,1,0,0,0,0,1,,
https://ukrposhtacenter.help/,ukrposhtacenter.help,0,0,29,1,0,0,0,0,0,,
https://case-account-trangress.vercel.app/,case-account-trangress.vercel.app,1,0,42,1,0,0,0,1,1,,
https://optusnet.mypixieset.com/,optusnet.mypixieset.com,1,0,32,1,0,0,1,0,1,5.0,2025-01-07 17:31:15
https://auth-trz-hrdwarez.gitbook.io/us,auth-trz-hrdwarez.gitbook.io,1,0,39,1,0,0,0,1,1,10.0,2025-03-30 06:09:09
https://docs.google.com/presentation/d/e/2PACX-1vTF95xU6fWiDhiEvyPeEOrBIdGQzaLyUBHmCowUc1lX1JEyy_uzjBerkd_xiQlWOp6ALJ_MS49d6ClW/pub?start=false&loop=false&delayms=3000,docs.google.com,1,0,167,5,0,0,0,0,1,26.0,2028-09-14 04:00:00
https://rewards-ff-garena-com.top/,rewards-ff-garena-com.top,1,0,34,1,0,0,0,1,1,0.0,2024-12-29 15:11:25
https://meetamaskloggine.gitbook.io/us,meetamaskloggine.gitbook.io,1,0,38,1,0,0,0,0,1,10.0,2025-03-30 06:09:09
https://docs.google.com/presentation/d/e/2PACX-1vTutiZMuyvOaOZCN5GAm3_5cZC8PZbizkKhl1-5KSyEiKFWRuClqKg_JNw2uTe4x3Zi5iWqqRW97aeX/pub?start=false&amp;loop=false&amp;delayms=3000,docs.google.com,1,0,175,5,0,0,0,0,1,26.0,2028-09-14 04:00:00
https://pub-6f895ca0c23f482396bd16f5693ef806.r2.dev/auth_gen.html,pub-6f895ca0c23f482396bd16f5693ef806.r2.dev,1,0,65,1,0,0,0,1,1,2.0,2025-08-23 14:38:38
https://post-rom.one/,post-rom.one,0,0,21,1,0,0,0,1,0,0.0,2025-07-29 10:12:34
https://script.google.com/macros/s/AKfycbyU5r-3nK9FAJQNXcoUhneszQM0ygmVdkgf2KKefE9LmK9HpA16XcUl6JjSKmPNYD2S/exec,script.google.com,1,0,112,4,0,0,0,0,1,26.0,2028-09-14 04:00:00
https://kucinlogini.gitbook.io/us,kucinlogini.gitbook.io,1,0,33,1,0,0,0,0,1,10.0,2025-03-30 06:09:09
https://muddy-wave-781e.xoric24985.workers.dev/,muddy-wave-781e.xoric24985.workers.dev,1,0,47,1,0,0,0,1,1,,
https://pronouncesolar.in/,pronouncesolar.in,1,0,26,1,0,0,0,0,1,4.0,2025-03-31 18:30:23
https://www.dropbox.com/scl/fi/bdrmkc9wzoso1ehavmdf0/BT-MAIL.paper?rlkey=b49jaigns297hwr58r3b381e8&dl=0https://www.dropbox.com/scl/fi/bdrmkc9wzoso1ehavmdf0/BT-MAIL.paper?rlkey=b49jaigns297hwr58r3b381e8&dl=0,www.dropbox.com,1,0,206,4,0,0,1,0,1,29.0,2025-06-27 04:00:00
https://cloudflare-ipfs.com/ipfs/bafybeigfhz2nmat3s3br5o2ckgpgb5b5pazyqmtwxxfyky2wl3uhakdn2i/cpsupport.html,cloudflare-ipfs.com,1,0,107,3,0,0,0,1,1,6.0,2032-05-30 14:15:34
https://walleatconneect.gitbook.io/us,walleatconneect.gitbook.io,1,0,37,1,0,0,0,0,1,10.0,2025-03-30 06:09:09
https://txanapqrtqzqqayfiztzn.top/,txanapqrtqzqqayfiztzn.top,1,0,34,1,0,0,0,0,1,0.0,2025-08-20 08:51:45
https://login-conbasepro.gitbook.io/web,login-conbasepro.gitbook.io,1,0,39,1,0,0,0,1,1,10.0,2025-03-30 06:09:09
https://f6f991-58468.portmap.io:58468/fb0b8e108d1722708209nb/en-02/?x=,f6f991-58468.portmap.io:58468,0,0,70,3,0,0,0,1,0,,
https://docs.google.com/presentation/d/e/2PACX-1vQ6Ef6hJyLq6pp4VJC9opvtHBPmzqWre8MG-z0FCe7iu4kdMOXMttJ5jYx24Pve2HnEo4-ry06LJVOm/pub?start=false&loop=false&delayms=3000,docs.google.com,1,0,167,5,0,0,0,0,1,26.0,2028-09-14 04:00:00
https://metsamsk-extension-io.gitbook.io/us,metsamsk-extension-io.gitbook.io,1,0,43,1,0,0,0,1,1,10.0,2025-03-30 06:09:09
https://pub-55c3061dfc524c768e39c4f40c76e4dd.r2.dev/index.html,pub-55c3061dfc524c768e39c4f40c76e4dd.r2.dev,1,0,62,1,0,0,0,1,1,2.0,2025-08-23 14:38:38
https://dmlife.synology.me/wordpress/MicrsoftO365/Documents.html,dmlife.synology.me,1,0,64,3,0,0,0,0,1,,
https://fufeypaxonline.one/,fufeypaxonline.one,1,0,27,1,0,0,0,0,1,0.0,2025-07-31 11:36:21
https://activaci0n.webcindario.com,activaci0n.webcindario.com,1,0,34,0,0,0,0,0,1,23.0,2028-02-28 12:45:04
https://www.artsified.com,www.artsified.com,0,0,25,0,0,0,0,0,0,1.0,2025-08-16 18:08:49
http://ijahdjowqeuurfhalkdkalskdieiwoqirutthhfhklaklskdjdjffhfphp.pages.dev/,ijahdjowqeuurfhalkdkalskdieiwoqirutthhfhklaklskdjdjffhfphp.pages.dev,1,0,76,1,0,0,0,0,1,,
https://docs.google.com/drawings/d/1QYIaTEhW5YDoloVHOxbl4GBlmCKBTUeiQ-UAlSplBww,docs.google.com,1,0,79,3,0,0,0,0,1,26.0,2028-09-14 04:00:00
http://www.tlcbcp.app/,www.tlcbcp.app,1,0,22,1,0,0,0,0,1,6.0,2025-06-07 21:33:23
https://helps-ns.top/,helps-ns.top,0,0,21,1,0,0,0,1,0,0.0,2025-08-19 16:30:20
https://trexurwilet.gitbook.io/us,trexurwilet.gitbook.io,1,0,33,1,0,0,0,0,1,10.0,2025-03-30 06:09:09
https://docs.google.com/presentation/d/e/2PACX-1vSizq4j_2ccgE3-ZU4R5z3QmkurqcQ-PA0ixkTabQZtu6e_31nSeU0mJwoQB-q6gZN6-vf_OqgUMLN-/pub?start=false&amp;loop=false&amp;delayms=3000&amp;slide=id.p.,docs.google.com,1,0,191,5,0,0,0,0,1,26.0,2028-09-14 04:00:00
https://urlz.fr/qOU5,urlz.fr,1,0,20,1,0,0,0,0,1,13.0,2027-05-14 15:38:28
https://docs.google.com/presentation/d/e/2PACX-1vSPOD_uG9LKh4CoOT12UpjgAAm8gFUyADUg2oyGzKM5MBfMMZgmY7dQqBI6KwXfttJQymN8UnDD9cCF/pub?start=false&amp;loop=false&amp;delayms=3000,docs.google.com,1,0,175,5,0,0,0,0,1,26.0,2028-09-14 04:00:00
https://49.51.247.238/,49.51.247.238,1,0,22,1,0,0,0,0,1,,
https://donasdonegociosicredi.com.br/modules/conta,donasdonegociosicredi.com.br,1,0,50,2,0,0,0,0,1,2.0,2025-05-02 00:00:00
https://498291975887803508.weebly.com/,498291975887803508.weebly.com,1,0,38,1,0,0,0,0,1,18.0,2025-03-28 23:25:07
https://y2-fgfuie7634287bfhvh2u3igcr2378o2734ochfi.bill-fran-richardson.workers.dev,y2-fgfuie7634287bfhvh2u3igcr2378o2734ochfi.bill-fran-richardson.workers.dev,1,0,83,0,0,0,0,1,1,,
https://smartdebug.pages.dev,smartdebug.pages.dev,1,0,28,0,0,0,0,0,1,,
https://bafybeic2m7h64k65hsltnygicllkc5vdqhbtmh7z2brj7okszddhdrqeim.ipfs.nftstorage.link,bafybeic2m7h64k65hsltnygicllkc5vdqhbtmh7z2brj7okszddhdrqeim.ipfs.nftstorage.link,1,0,88,0,0,0,0,0,1,2.0,2028-02-11 10:44:03.906000
https://q-r.to/bfJXjo,q-r.to,1,0,21,1,0,0,0,1,1,,
https://docs.google.com/drawings/d/1LjO7Y0ooT8PRv0n4Ww5Yk5WJpafbW2EGqM8bp5UWLqk/edit,docs.google.com,1,0,84,4,0,0,0,0,1,26.0,2028-09-14 04:00:00
https://dyeidlt76.ukit.me/,dyeidlt76.ukit.me,1,0,26,1,0,0,0,0,1,7.0,2024-12-12 12:46:55
https://redar.sysid9865.net/,redar.sysid9865.net,1,0,28,1,0,0,0,0,1,0.0,2025-08-05 19:17:27
https://new.express.adobe.com/webpage/KjJTNz9AM0rGx,new.express.adobe.com,1,0,51,2,0,0,0,0,1,37.0,2025-05-17 01:48:14
https://att-1mailserver.weeblysite.com/,att-1mailserver.weeblysite.com,1,0,39,1,0,0,0,1,1,11.0,2024-12-19 04:07:22
https://cloudflare-ipfs.com/ipfs/bafkreidyo4ttzo5sv43fghzzwk54ayqtiyftpdv7zxuiewlpwzpzgfz6vq,cloudflare-ipfs.com,1,0,92,2,0,0,0,1,1,6.0,2032-05-30 14:15:34
https://docs.google.com/presentation/d/e/2PACX-1vS9s5iWdepNlMpmJevoJiw9zMts77cgWVwGRXdCTOTqjeNLHzPFLBTy6OkqSdh6yTW1XIZe4HJu0YD4/pub?start=true&amp;loop=true&amp;delayms=3000,docs.google.com,1,0,173,5,0,0,0,0,1,26.0,2028-09-14 04:00:00
https://help-io.top/,help-io.top,0,0,20,1,0,0,0,1,0,0.0,2025-08-19 16:30:20
http://validationserverauthinticationrequiredservice02.pages.dev/,validationserverauthinticationrequiredservice02.pages.dev,1,0,65,1,0,0,0,0,1,,
https://docs.google.com/presentation/d/e/2PACX-1vS3UUegNRP7I8S8ofZSBA4K6hDOBbKd2PgQMg0q_FyEJ9d0m960uM3tSbLt6BVKHB3RJxemz_XFHBfY/pub?start=false&loop=false&delayms=3000,docs.google.com,1,0,167,5,0,0,0,0,1,26.0,2028-09-14 04:00:00
https://bit.ly/3WmMbxB,bit.ly,1,0,22,1,0,0,1,0,1,16.0,2032-05-17 22:00:00
https://pub-98fb6357809143dba61056ed7f273357.r2.dev/aaa2.html?msm/,pub-98fb6357809143dba61056ed7f273357.r2.dev,1,0,66,1,0,0,0,1,1,2.0,2025-08-23 14:38:38
https://transporttpzqayfxzttrg.top/,transporttpzqayfxzttrg.top,1,0,35,1,0,0,0,0,1,0.0,2025-08-13 10:43:33
https://uerems3-post.shop/,uerems3-post.shop,0,0,26,1,0,0,0,1,0,0.0,2025-08-07 23:59:59
https://ipfs.io/ipfs/bafkreiet7olwidaqbs7ankqng2zcc2o4gmsabav6u2ni24ttnvmnlrxgnq#x@x.com,ipfs.io,1,1,88,2,0,0,0,0,1,10.0,2025-05-16 18:34:42
https://qrco.de/behTtn,qrco.de,1,0,22,1,0,0,0,0,1,,
https://cio467681299.web.app/,cio467681299.web.app,1,0,29,1,0,0,0,0,1,,
https://gamersatodds.com/?koci,gamersatodds.com,1,0,30,1,0,0,0,0,1,4.0,2025-04-30 04:26:42
https://tejnzjhn.blogspot.com/,tejnzjhn.blogspot.com,1,0,30,1,0,0,1,0,1,,
https://reagan-103694.weeblysite.com/,reagan-103694.weeblysite.com,1,0,37,1,0,0,0,1,1,11.0,2024-12-19 04:07:22
https://mint.thugz.life/,mint.thugz.life,1,0,24,1,0,0,0,0,1,2.0,2024-09-26 22:23:21
https://webapp-44l.pages.dev/?iduser=TkRnek9RPT0=&tc=FBpOb,webapp-44l.pages.dev,1,0,58,1,0,0,0,1,1,,
https://cyan763503.studio.site/,cyan763503.studio.site,1,0,31,1,0,0,0,0,1,3.0,
https://forms.office.com/pages/responsepage.aspx?id=DQSIkWdsW0yxEjajBLZtrQAAAAAAAAAAAAO__WN1clNUMFBNSFU5NENVT1JYOEdOQ1BQNlRSOUEwTy4u&amp;fbclid=IwAR339L1C1u6ScjPS78MI5szIfOMhqo7LAw7HMEuo3l4s2HucLzoVEYAeewI,forms.office.com,1,0,205,2,0,0,0,0,1,25.0,2025-04-20 04:00:00
https://pub-47f01133d14e44c4a3d54ddc64731fd4.r2.dev/proz.html,pub-47f01133d14e44c4a3d54ddc64731fd4.r2.dev,1,0,61,1,0,0,0,1,1,2.0,2025-08-23 14:38:38
https://unitecnologia-d4f2a.web.app/,unitecnologia-d4f2a.web.app,1,0,36,1,0,0,0,1,1,,
https://parlmsogn.web.app/,parlmsogn.web.app,1,0,26,1,0,0,0,0,1,,
https://pub-4ece195330ea42678b821e7f2f44826c.r2.dev/desay_kldyd.html,pub-4ece195330ea42678b821e7f2f44826c.r2.dev,1,0,68,1,0,0,0,1,1,2.0,2025-08-23 14:38:38
https://t.co/vTy3RDJIjx,t.co,1,0,23,1,0,0,1,0,1,14.0,2025-04-25 23:59:59
https://qwdby.weebly.com/,qwdby.weebly.com,1,0,25,1,0,0,0,0,1,18.0,2025-03-28 23:25:07
https://bit.ly/3RVq4wX,bit.ly,1,0,22,1,0,0,1,0,1,16.0,2032-05-17 22:00:00
https://worker-update-dreampackage-0f1a.purzavalmo.workers.dev/,worker-update-dreampackage-0f1a.purzavalmo.workers.dev,1,0,63,1,0,0,0,1,1,,
https://royalmail.track-uk.party/,royalmail.track-uk.party,1,0,33,1,0,0,0,1,1,0.0,2025-07-04 19:22:22
https://sites.google.com/view/jsuwq/p%C3%A1gina-principal,sites.google.com,1,0,57,3,0,0,0,0,1,26.0,2028-09-14 04:00:00
https://papeleriadelnorte.com.ar/?gdfgdc,papeleriadelnorte.com.ar,1,0,40,1,0,0,0,0,1,10.0,2025-04-25 00:00:00
https://adosaneji1n.blob.core.windows.net/mua1/privado/aaa/index.html,adosaneji1n.blob.core.windows.net,1,0,69,4,0,0,0,0,1,29.0,2025-06-04 16:06:16
https://webmail-106601.weeblysite.com/,webmail-106601.weeblysite.com,1,0,38,1,0,0,0,1,1,11.0,2024-12-19 04:07:22
https://undect.stream/,undect.stream,1,0,22,1,0,0,0,0,1,0.0,2025-03-30 13:27:41
https://l.ead.me/bfG1Zq,l.ead.me,1,0,23,1,0,0,0,0,1,8.0,2024-10-20 08:13:42
https://ipfs.io/ipfs/bafkreiahmwkhxhtcinzdeqeetivaxwskroolqqptse4xv2j7eeauwtkhia,ipfs.io,1,0,80,2,0,0,0,0,1,10.0,2025-05-16 18:34:42
https://updatefacebookmeta.weebly.com/,updatefacebookmeta.weebly.com,1,0,38,1,0,0,0,0,1,18.0,2025-03-28 23:25:07
http://secure-evy.pages.dev,secure-evy.pages.dev,1,0,27,0,0,0,0,1,1,,
https://docs.google.com/drawings/d/1UTA-mYw4UfFCvM1qJv-cDl79oRjmHXegMUdAd79bZug/edit,docs.google.com,1,0,84,4,0,0,0,0,1,26.0,2028-09-14 04:00:00
http://mail.lazubi.dhkrt.my.id/,mail.lazubi.dhkrt.my.id,1,0,31,1,0,0,0,0,1,,
https://pub-94160e4dc1de47c0874194dedd5d5b5d.r2.dev/index2.html,pub-94160e4dc1de47c0874194dedd5d5b5d.r2.dev,1,0,63,1,0,0,0,1,1,2.0,2025-08-23 14:38:38
http://cgdpt.appdirecta.online/,cgdpt.appdirecta.online,0,0,31,1,0,0,0,0,0,0.0,2025-08-15 23:59:59
https://mmhubapp.pages.dev/,mmhubapp.pages.dev,1,0,27,1,0,0,0,0,1,,
https://pub-6987cd1f4f9941a8aa47d9931b648655.r2.dev/index.html,pub-6987cd1f4f9941a8aa47d9931b648655.r2.dev,1,0,62,1,0,0,0,1,1,2.0,2025-08-23 14:38:38
https://new.express.adobe.com/webpage/xV0AaTFZmlKEH,new.express.adobe.com,1,0,51,2,0,0,0,0,1,37.0,2025-05-17 01:48:14
http://zuza.stefek.szczecin.pl/Webmail/11/Webmail/webmail.php,zuza.stefek.szczecin.pl,1,0,61,4,0,0,0,0,1,,
https://vv1-8qb.pages.dev/,vv1-8qb.pages.dev,1,0,26,1,0,0,0,1,1,,
https://transportatihjk.xyz/,transportatihjk.xyz,0,0,28,1,0,0,0,0,0,0.0,2025-08-05 23:59:59
https://hukoomim.life/,hukoomim.life,1,0,22,1,0,0,0,0,1,0.0,2025-08-18 07:22:21
https://telstra-102893.weeblysite.com/,telstra-102893.weeblysite.com,1,0,38,1,0,0,0,1,1,11.0,2024-12-19 04:07:22
https://aswq.gfgn0yupam1624.workers.dev/,aswq.gfgn0yupam1624.workers.dev,1,0,40,1,0,0,0,0,1,,
https://serviciospostayl.xyz/ec/,serviciospostayl.xyz,1,0,32,2,0,0,0,0,1,0.0,2025-08-12 23:59:59
https://pub-0d5ddc9ad1bc4a5a99e80f27804ebf06.r2.dev/index.html,pub-0d5ddc9ad1bc4a5a99e80f27804ebf06.r2.dev,1,0,62,1,0,0,0,1,1,2.0,2025-08-23 14:38:38
https://cloudflare-ipfs.com/ipfs/bafybeih6zuiqidk6oqkbkmpvxipvneync76crigsnrntuu2koovq37lc4u/webss.html,cloudflare-ipfs.com,1,0,103,3,0,0,0,1,1,6.0,2032-05-30 14:15:34
https://yaho-world-gentle-lake-650a.japsovutra.workers.dev/,yaho-world-gentle-lake-650a.japsovutra.workers.dev,1,0,59,1,0,0,0,1,1,,
https://trusitewallet.gitbook.io/us,trusitewallet.gitbook.io,1,0,35,1,0,0,0,0,1,10.0,2025-03-30 06:09:09
https://ldi.qfv.mybluehost.me/,ldi.qfv.mybluehost.me,1,0,30,1,0,0,0,0,1,7.0,2024-10-05 23:31:07
https://allegro-online.ru/t/allegro-pl-zapchasti,allegro-online.ru,1,0,48,2,0,0,0,1,1,,
https://webmailnafdac.weebly.com/,webmailnafdac.weebly.com,1,0,33,1,0,0,0,0,1,18.0,2025-03-28 23:25:07
https://labasdevalidation.web.app/,labasdevalidation.web.app,1,0,34,1,0,0,0,0,1,,
https://pub-64c50f4a8f394c30b74ed1ac01710af3.r2.dev/index.html,pub-64c50f4a8f394c30b74ed1ac01710af3.r2.dev,1,0,62,1,0,0,0,1,1,2.0,2025-08-23 14:38:38
https://enterprisewoodprod.com/landbank/,enterprisewoodprod.com,1,0,40,2,0,0,0,0,1,14.0,2026-07-18 18:02:54
https://kyc4w2.webwave.dev/,kyc4w2.webwave.dev,1,0,27,1,0,0,0,0,1,5.0,2025-03-01 10:32:59
https://new.express.adobe.com/webpage/6XDP3bOwEU9u1,new.express.adobe.com,1,0,51,2,0,0,0,0,1,37.0,2025-05-17 01:48:14
https://4-72addressmodify.icu/,4-72addressmodify.icu,1,0,30,1,0,0,0,1,1,0.0,2025-08-27 23:59:59
http://page-timeyhsgdhg12.pages.dev,page-timeyhsgdhg12.pages.dev,1,0,35,0,0,0,0,1,1,,
https://csgo.zapbase.com/,csgo.zapbase.com,1,0,25,1,0,0,0,0,1,10.0,2025-03-31 18:17:39
https://payee-online-security.firebaseapp.com/,payee-online-security.firebaseapp.com,1,0,46,1,0,0,0,1,1,,
https://ceskaposts.xyz/,ceskaposts.xyz,0,0,23,1,0,0,0,0,0,,
https://pub-cbbb45d4991140309ccee8240e2468d2.r2.dev/login.htm,pub-cbbb45d4991140309ccee8240e2468d2.r2.dev,1,0,61,1,0,0,0,1,1,2.0,2025-08-23 14:38:38
http://43.153.207.103/InteractiveLogin?continue=https://accounts.google.com/?&amp;xrealip=107.178.200.216&amp;followup=https://accounts.google.com/?&amp;xrealip=107.178.200.216&amp;passive=1209600&amp;xrealip=107.178.200.216&amp;ifkv=AWnogHcHsoOpjmk9V6StlxMqht5ymRjkVv3M5ngkvuzDWdXhZHwZiM91EDHjlI9eIOglCwHvrm5Ycw,43.153.207.103,1,0,312,1,0,0,0,0,1,,
https://confirmyouraccountdetails.web.app/,confirmyouraccountdetails.web.app,1,0,42,1,0,0,0,0,1,,
https://transportationucxztpro.top/,transportationucxztpro.top,1,0,35,1,0,0,0,0,1,0.0,2025-08-19 08:56:22
https://beacons.ai/wedonemails,beacons.ai,1,0,30,1,0,0,0,0,1,,
https://startios-treziore.gitbook.io/us,startios-treziore.gitbook.io,1,0,39,1,0,0,0,1,1,10.0,2025-03-30 06:09:09
https://campsite.bio/attmailsigpt,campsite.bio,1,0,33,1,0,0,0,0,1,7.0,2025-05-04 17:29:07
https://blockdag-buy.pages.dev/app/,blockdag-buy.pages.dev,1,0,35,2,0,0,0,1,1,,
http://skatt2.wpenginepowered.com/wp-content/,skatt2.wpenginepowered.com,1,0,45,2,0,0,0,0,1,,
https://usbjkudxrl.top/,usbjkudxrl.top,1,0,23,1,0,0,0,0,1,0.0,2025-07-04 14:12:16
https://att-104532-1021.weeblysite.com/,att-104532-1021.weeblysite.com,1,0,39,1,0,0,0,1,1,11.0,2024-12-19 04:07:22
https://startios-trezior.gitbook.io/us,startios-trezior.gitbook.io,1,0,38,1,0,0,0,1,1,10.0,2025-03-30 06:09:09
https://sites.google.com/view/dnswkekl/home?authuser=3,sites.google.com,1,0,54,3,0,0,0,0,1,26.0,2028-09-14 04:00:00
https://qrco.de/bfI9OV,qrco.de,1,0,22,1,0,0,0,0,1,,
https://q-r.to/bfKOTg,q-r.to,1,0,21,1,0,0,0,1,1,,
https://6473.taplink.ws/,6473.taplink.ws,1,0,24,1,0,0,0,0,1,3.0,2024-12-06 08:07:58
https://new.express.adobe.com/webpage/sUxkfptF2v60o,new.express.adobe.com,1,0,51,2,0,0,0,0,1,37.0,2025-05-17 01:48:14
https://alareentading-catalog.page.tl/,alareentading-catalog.page.tl,1,0,38,1,0,0,0,1,1,18.0,2025-03-25 12:00:00
https://bit.ly/3YHAFjd,bit.ly,1,0,22,1,0,0,1,0,1,16.0,2032-05-17 22:00:00
http://lokrwebapp.toman.ru/,lokrwebapp.toman.ru,1,0,27,1,0,0,0,0,1,,
https://mocpallet.vn/wp-content/9v46b9kADAwATM0MDAAMS03NjdhLWNjADI4LTAwAi0wMcontraventions.Amendes.gouv.fre.lectronic.antai.gouv.fr/,mocpallet.vn,1,0,132,3,0,0,0,0,1,,
https://pub-1e939e18b257458c85f072532e4b2aaa.r2.dev/chapter-prospect.html,pub-1e939e18b257458c85f072532e4b2aaa.r2.dev,1,0,73,1,0,0,0,1,1,2.0,2025-08-23 14:38:38
https://jemi.so/loadingnav,jemi.so,1,0,26,1,0,0,0,0,1,3.0,2025-07-31 18:14:19
https://pub-3bcd3ba7dacc49ae98a52a94ece68222.r2.dev/index2.html,pub-3bcd3ba7dacc49ae98a52a94ece68222.r2.dev,1,0,63,1,0,0,0,1,1,2.0,2025-08-23 14:38:38
https://docs.google.com/drawings/d/1FiRBAVllryurkc85rfNAj6IhXJjWOyssiKhxnNKmARE/edit,docs.google.com,1,0,84,4,0,0,0,0,1,26.0,2028-09-14 04:00:00
https://homepage--eigenlayre.gitbook.io/us,homepage--eigenlayre.gitbook.io,1,0,42,1,0,0,0,1,1,10.0,2025-03-30 06:09:09
https://docs.google.com/drawings/d/1JenIiV1n1q-aqSMdL7F4sHtf09whULnxrhjap_o-fZM,docs.google.com,1,0,79,3,0,0,0,0,1,26.0,2028-09-14 04:00:00
https://docs.google.com/presentation/d/e/2PACX-1vRudjw2xpsuOW0xC9QUqhYNe8ZKz6ZFOBsGDnqEX7eoWx64BO9gWCwTh8cQo2ayG756XRNJbaehOi0e/pub?start=false&amp;loop=false&amp;delayms=3000,docs.google.com,1,0,175,5,0,0,0,0,1,26.0,2028-09-14 04:00:00
https://1109b4f.wcomhost.com/,1109b4f.wcomhost.com,1,0,29,1,0,0,1,0,1,12.0,2033-01-25 20:25:03
https://metafb-hbwf52d.web.app/,metafb-hbwf52d.web.app,1,0,31,1,0,0,0,1,1,,
https://docs.google.com/drawings/d/1oSOU7pvyYyjyD3OBqke4Mnz2aFTB59cQf1ERdymmjgU/edit,docs.google.com,1,0,84,4,0,0,0,0,1,26.0,2028-09-14 04:00:00
https://docs.google.com/drawings/d/1vDEDOiNkkpD_JttkmM84jOltEGzqQiVAoGHDce4kjqQ/edit,docs.google.com,1,0,84,4,0,0,0,0,1,26.0,2028-09-14 04:00:00
https://netzero-webmail-106103.weeblysite.com/,netzero-webmail-106103.weeblysite.com,1,0,46,1,0,0,0,1,1,11.0,2024-12-19 04:07:22
https://ww2mtbonline.firebaseapp.com/,ww2mtbonline.firebaseapp.com,1,0,37,1,0,0,0,0,1,,
https://transportaxcobnbafgprb.top/,transportaxcobnbafgprb.top,1,0,35,1,0,0,0,0,1,0.0,2025-08-05 10:21:29
https://qrco.de/bfHrbE,qrco.de,1,0,22,1,0,0,0,0,1,,
https://correoargentino-uk.top/,correoargentino-uk.top,1,0,31,1,0,0,0,1,1,0.0,2025-08-09 10:49:49
https://bons-uphf.web.app/,bons-uphf.web.app,1,0,26,1,0,0,0,1,1,,
https://one.link/wwwmwnw,one.link,1,0,24,1,0,0,0,0,1,9.0,2025-03-18 06:40:56.128000
https://tg3.pages.dev/,tg3.pages.dev,1,0,22,1,0,0,0,0,1,,
https://usfk.rqyncep.xyz/?wfu=64&applicant=74910e673c2k&bzq=959,usfk.rqyncep.xyz,0,0,63,1,0,0,0,0,0,0.0,2025-07-24 23:59:59
https://intuisdqob.io/login/signin/,intuisdqob.io,0,0,35,3,0,0,0,0,0,0.0,2025-08-08 08:32:05
https://www.ouaw.cn,www.ouaw.cn,0,0,19,0,0,0,0,0,0,0.0,2024-09-19 04:28:19
https://pub-d1f7bb379085453592fe8e21d30c6bbe.r2.dev/rab.html,pub-d1f7bb379085453592fe8e21d30c6bbe.r2.dev,1,0,60,1,0,0,0,1,1,2.0,2025-08-23 14:38:38
https://rxgdg.xyz/,rxgdg.xyz,0,0,18,1,0,0,0,0,0,0.0,2025-08-13 23:59:59
https://uapz-hg.top/,uapz-hg.top,1,0,20,1,0,0,0,1,1,0.0,2025-08-19 10:10:44
https://mail-102664.square.site/,mail-102664.square.site,1,0,32,1,0,0,0,1,1,5.0,2025-02-05 00:00:00+00:00
https://coles.rewardnow.info/,coles.rewardnow.info,0,0,29,1,0,0,0,0,0,0.0,2025-05-21 11:27:50
https://pub-a2cfc9411c054ad3af8de1429942194a.r2.dev/ghos.html,pub-a2cfc9411c054ad3af8de1429942194a.r2.dev,1,0,61,1,0,0,0,1,1,2.0,2025-08-23 14:38:38
https://fabosos188.wixsite.com/fabosos188,fabosos188.wixsite.com,1,0,41,1,0,0,0,0,1,,
https://extremas.com.ar/app/mony/,extremas.com.ar,1,0,33,3,0,0,0,0,1,2.0,2025-05-10 00:00:00
https://xep.li/UHQVS,xep.li,1,0,20,1,0,0,0,0,1,,
https://pub-7831aaf8414a4e10a899e6611efecd48.r2.dev/webmail007.html,pub-7831aaf8414a4e10a899e6611efecd48.r2.dev,1,0,67,1,0,0,0,1,1,2.0,2025-08-23 14:38:38
https://ebe40d25-bab4-4182-a08d-a9c14a698e83.id.repl.co/,ebe40d25-bab4-4182-a08d-a9c14a698e83.id.repl.co,1,0,56,1,0,0,0,1,1,,
https://case1009841851085.firebaseapp.com/,case1009841851085.firebaseapp.com,1,0,42,1,0,0,0,0,1,,
https://img001.prntscr.com/file/img001/rExMoAnRQW-byf1NMgsmIQ.png,img001.prntscr.com,1,0,65,3,0,0,0,0,1,14.0,2026-01-07 13:11:32
https://postuser.run/,postuser.run,0,0,21,1,0,0,0,0,0,0.0,2025-08-01 12:33:20
https://review-case-093728.firebaseapp.com/,review-case-093728.firebaseapp.com,1,0,43,1,0,0,0,1,1,,
https://ea61d4d9.413i336d632m5z8hznelz6q519fo2hs21x1ef.pages.dev,ea61d4d9.413i336d632m5z8hznelz6q519fo2hs21x1ef.pages.dev,1,0,64,0,0,0,0,0,1,,
https://docs.google.com/drawings/d/1bMcIxa6LW2lp3VkYlki1nQPEcNmnpJAflsBfgRtdmm4/edit,docs.google.com,1,0,84,4,0,0,0,0,1,26.0,2028-09-14 04:00:00
https://logn-aol-9b5a.team84.workers.dev/,logn-aol-9b5a.team84.workers.dev,1,0,41,1,0,0,0,1,1,,
http://interseptionaldownloadsseprationdomainsaech03.pages.dev/,interseptionaldownloadsseprationdomainsaech03.pages.dev,1,0,63,1,0,0,0,0,1,,
https://docs.google.com/presentation/d/e/2PACX-1vTj97f0YP7ddnT8KwUKxup3_6vHyA8PJVqII2_-tSL5EanFkXZISphC_92xs7O5jRSFXdsO34hD-MyL/pub?start=false&amp;loop=false&amp;delayms=3000,docs.google.com,1,0,175,5,0,0,0,0,1,26.0,2028-09-14 04:00:00
https://pub-4e9d559e11c54314b7639d20c3d13682.r2.dev/doc14.html,pub-4e9d559e11c54314b7639d20c3d13682.r2.dev,1,0,62,1,0,0,0,1,1,2.0,2025-08-23 14:38:38
https://docs.google.com/presentation/d/e/2PACX-1vQ1vaVk76YtmDd-XIKznoaKLuSkgLrf0f2DEOJ2F_8H6K-p1wK6VRctWLXDwOcXBcAQBWLd-Gn5T6Zp/pub?start=false&amp;loop=false&amp;delayms=3000,docs.google.com,1,0,175,5,0,0,0,0,1,26.0,2028-09-14 04:00:00
https://docs.google.com/drawings/d/1U903DS7TLZr6LFo20NjVcTERM1EomNwPJM1Tt_p-pwY,docs.google.com,1,0,79,3,0,0,0,0,1,26.0,2028-09-14 04:00:00
https://l.ead.me/bfKB55,l.ead.me,1,0,23,1,0,0,0,0,1,8.0,2024-10-20 08:13:42
https://start.seitenatelier.ch/free/north90/homepage,start.seitenatelier.ch,1,0,52,3,0,0,0,0,1,,
https://pucf48ac0a3d0341fb82f0bcfd7917c36b.pages.dev,pucf48ac0a3d0341fb82f0bcfd7917c36b.pages.dev,1,0,52,0,0,0,0,0,1,,
https://pub-cbe7cca6815f4b969c9e8241b48abf05.r2.dev/qc.html,pub-cbe7cca6815f4b969c9e8241b48abf05.r2.dev,1,0,59,1,0,0,0,1,1,2.0,2025-08-23 14:38:38
https://tangem---wallet.gitbook.io/us,tangem---wallet.gitbook.io,1,0,37,1,0,0,0,1,1,10.0,2025-03-30 06:09:09
http://webmailserverautnethicationdomainwebmail01.pages.dev/,webmailserverautnethicationdomainwebmail01.pages.dev,1,0,60,1,0,0,0,0,1,,
https://helps-nf.top/,helps-nf.top,1,0,21,1,0,0,0,1,1,0.0,2025-08-21 12:24:57
https://cloudflare-ipfs.com/ipfs/bafybeia6ypwi442twbkxd6wcflcj5yplckiyqg3midxlw6fxpokqk554o4,cloudflare-ipfs.com,1,0,92,2,0,0,0,1,1,6.0,2032-05-30 14:15:34
https://allegrosandbox.govalue.de,allegrosandbox.govalue.de,1,0,33,0,0,0,0,0,1,,
https://docs.google.com/drawings/d/1CqbUctiruaBF1SNHU3Llal32-S9oWvKt142VOLP2098,docs.google.com,1,0,79,3,0,0,0,0,1,26.0,2028-09-14 04:00:00
https://docs.google.com/presentation/d/e/2PACX-1vTRf2bYSz4iMfXoYPnkMwZcz9awdrUJddcf79rGLzHG5KtRCkrRFYVff-5syMDhmCzWjWxsnEzozQ3Y/pub?start=false&amp;loop=false&amp;delayms=3000,docs.google.com,1,0,175,5,0,0,0,0,1,26.0,2028-09-14 04:00:00
http://zuza.stefek.szczecin.pl/Webmail/34/Webmail/webmail.php,zuza.stefek.szczecin.pl,1,0,61,4,0,0,0,0,1,,
https://fixbnk.github.io/aide/,fixbnk.github.io,1,0,30,2,0,0,0,0,1,,
https://docs.google.com/drawings/d/1wIq99Aa5NZRP1wmJMV1ex9VD_hB0VKigXZFAtoG0JvY/edit,docs.google.com,1,0,84,4,0,0,0,0,1,26.0,2028-09-14 04:00:00
https://kuiecoinlogine.gitbook.io/us,kuiecoinlogine.gitbook.io,1,0,36,1,0,0,0,0,1,10.0,2025-03-30 06:09:09
https://pub-579b1baacb2249b2b61f09fb5c72e26e.r2.dev/uptown.html,pub-579b1baacb2249b2b61f09fb5c72e26e.r2.dev,1,0,63,1,0,0,0,1,1,2.0,2025-08-23 14:38:38
https://microsoft-106886.weeblysite.com/,microsoft-106886.weeblysite.com,1,0,40,1,0,0,0,1,1,11.0,2024-12-19 04:07:22
https://mail-101591.square.site/,mail-101591.square.site,1,0,32,1,0,0,0,1,1,5.0,2025-02-05 00:00:00+00:00
https://pub-6151cbb4115d47dda1a50e6b3f392453.r2.dev/index.html,pub-6151cbb4115d47dda1a50e6b3f392453.r2.dev,1,0,62,1,0,0,0,1,1,2.0,2025-08-23 14:38:38
https://rcl.ink/1LHxm,rcl.ink,1,0,21,1,0,0,0,0,1,6.0,2025-06-03 23:59:59
https://anjalijha167.github.io/facebook_replicate,anjalijha167.github.io,1,0,49,1,0,0,0,0,1,,
https://trezorjirliive.gitbook.io/us,trezorjirliive.gitbook.io,1,0,36,1,0,0,0,0,1,10.0,2025-03-30 06:09:09
https://bafybeibig2644djc3ynur4vz74lvpso7hhg4mdy4okd5yrbnls76bqlsoi.ipfs.cf-ipfs.com,bafybeibig2644djc3ynur4vz74lvpso7hhg4mdy4okd5yrbnls76bqlsoi.ipfs.cf-ipfs.com,1,0,84,0,0,0,0,1,1,5.0,2032-12-05 16:31:16
https://l.ead.me/bfJPeC,l.ead.me,1,0,23,1,0,0,0,0,1,8.0,2024-10-20 08:13:42
http://zrr.kr/ggzA,zrr.kr,1,0,18,1,0,0,0,0,1,2.0,2025-03-09 00:00:00
https://ow.ly/JCOa50T3XY3,ow.ly,1,0,25,1,0,0,1,0,1,15.0,2030-11-20 22:00:00
https://qrco.de/bfIzYW,qrco.de,1,0,22,1,0,0,0,0,1,,
https://pub-b0b85c75f7a044d1b7cdea1c3745cf7b.r2.dev/kfjfjvnkfu4eicnce3498fjcjejf4ueiieu90fiofcejid.html,pub-b0b85c75f7a044d1b7cdea1c3745cf7b.r2.dev,1,0,103,1,0,0,0,1,1,2.0,2025-08-23 14:38:38
https://docs.google.com/drawings/d/1bgcJlx9Zg0ZfPkdtIGZkSM2FkfClJC_SWwSsY0u3TMY/preview,docs.google.com,1,0,87,4,0,0,0,0,1,26.0,2028-09-14 04:00:00
https://qrco.de/beIVpd,qrco.de,1,0,22,1,0,0,0,0,1,,
https://currentlymail204452.weebly.com/,currentlymail204452.weebly.com,1,0,39,1,0,0,0,0,1,18.0,2025-03-28 23:25:07
https://d39wpm04.eu1.hubspotlinksstarter.com/Ctc/GH+113/d39Wpm04/VVRjGx8Fp89SW9dldcj24DX-FW8DFYQL4Y0hVRM7WCR57hYc7V5X_Kf7CgNxJW87L3y-76MVpzW6P78g126Vz4PW2--b-Q19V9qSW6hbjTl3LK72dN7-WJf0QJRSLW7Ys_yb80H27SW4bbFLY3kmPRzW1Vxn1J4NGjh3W3Mcv_K5G_PvrN6hZDfW9bZVBW5L2Q5Y54djTMW60-vtz14bfj2W6-JPBY85J9jWW1FvD5h59NN9_W4CbW4t1pX97-W4KH6Fn6xXMqjVbbQzp2Wwg1QN8w1xRK1tbw_W7KndsB6mKtdQW7CR4JB3zrWj5VjFfS_20Bt5bW7nVDZv10zYmqW2XQ_Tr5ZJTX_W4bc4Rh9b7HrTVNNTmk8LRM02W78M82Z6YvRTWW2qry6h7YdDL5W1RP2YB4_PF0-W5YBg8m3PRkzWW6xlTC75cs_qFW2XWQQ97pHYXjW2xWz3B5JPRZgW383rwx5lwqtHW59ZTxc5WWZQcW54bGCL1Nw5sXW5RQQN049Kyl1W89WMSX90fqChW3swfHt3p-T4VN4DvnCYW44N4W6tjKjz6rpNF0VlYchH1FZgTFV1YM3R2FBqr7N68XNhVMjB8vN2hVkt8nmnk-W4DP8sD8q3z7CW7ywZgW86Fh_FW6k25Lc95TdJCW7kJ7jW3_dLLMW7zXzmJ73hMD2W8XMwJ15G33BDW4L3zSb5sR226W54Y2Cm25gHf-W8YfzcT8QDFhGW7wJtNb468ldc38z31,d39wpm04.eu1.hubspotlinksstarter.com,1,0,822,4,0,0,0,0,1,3.0,2025-05-26 20:30:03
https://atomixvwalilet.gitbook.io/us,atomixvwalilet.gitbook.io,1,0,36,1,0,0,0,0,1,10.0,2025-03-30 06:09:09
https://cuaguemoo.firebaseapp.com/,cuaguemoo.firebaseapp.com,1,0,34,1,0,0,0,0,1,,
https://pub-e14f81606c7e471e8c107440821d078f.r2.dev/link(3)33333333333.html,pub-e14f81606c7e471e8c107440821d078f.r2.dev,1,0,75,1,0,0,0,1,1,2.0,2025-08-23 14:38:38
https://docs.google.com/presentation/d/e/2PACX-1vS8Ca6AnEHdnvNlhkkbaOjXvx2lP_wvQnilVDmpLsv7cRaRa8gucs30yTnZkpem7zPGH8J9lDwGYJ0R/pub?start=false&amp;loop=false&amp;delayms=3000,docs.google.com,1,0,175,5,0,0,0,0,1,26.0,2028-09-14 04:00:00
https://tristepizl.web.app/,tristepizl.web.app,1,0,27,1,0,0,0,0,1,,
https://metask-chrome-pages.gitbook.io/us,metask-chrome-pages.gitbook.io,1,0,41,1,0,0,0,1,1,10.0,2025-03-30 06:09:09
https://worker-snowy-field-c8d8.kexaved675.workers.dev/,worker-snowy-field-c8d8.kexaved675.workers.dev,1,0,55,1,0,0,0,1,1,,
https://docs.google.com/presentation/d/e/2PACX-1vTZvDkKTzPR2X5MnNV9Jh9j-tIrYhSmCa29Iy_EbCAq4q2T8mITIKSw6juS6yRI20MrriDLldqPLQgy/pub?start=false&loop=false&delayms=3000&slide=id.p%3E,docs.google.com,1,0,181,5,0,0,0,0,1,26.0,2028-09-14 04:00:00
https://gjaht.top/,gjaht.top,1,0,18,1,0,0,0,0,1,0.0,2025-07-29 11:21:34
https://docs.google.com/drawings/d/1c1S3T0JnsH4MdqYaLKyuwlggueOtgEMVkV7h0XlK0nA/edit,docs.google.com,1,0,84,4,0,0,0,0,1,26.0,2028-09-14 04:00:00
https://kirkenloginz.gitbook.io/us,kirkenloginz.gitbook.io,1,0,34,1,0,0,0,0,1,10.0,2025-03-30 06:09:09
https://transportaxcobnbafgpru.top/,transportaxcobnbafgpru.top,1,0,35,1,0,0,1,0,1,0.0,2025-08-05 10:21:33
https://pub-ff3e5846e4294ff19c438759f138f1ab.r2.dev/index.html,pub-ff3e5846e4294ff19c438759f138f1ab.r2.dev,1,0,62,1,0,0,0,1,1,2.0,2025-08-23 14:38:38
https://www.dropbox.com/scl/fi/vhvhlsa6tycj6i21cfm2z/VOICE-MESSAGE-RECEIVED.paper?rlkey=nvoiw4mc6i5xy0mez1jpmdzpi&dl=0,www.dropbox.com,1,0,118,4,0,0,1,0,1,29.0,2025-06-27 04:00:00
https://portal-trezzewallet.gitbook.io/us,portal-trezzewallet.gitbook.io,1,0,41,1,0,0,0,1,1,10.0,2025-03-30 06:09:09
https://coles.ausexchanges.info/,coles.ausexchanges.info,1,0,32,1,0,0,0,0,1,0.0,2025-06-08 10:21:25
https://c1228cea.70bd88adaf0dd0164cd39348.workers.dev/,c1228cea.70bd88adaf0dd0164cd39348.workers.dev,1,0,54,1,0,0,0,0,1,,
https://l.ead.me/bfH0vqSCIvmasvvbwegyh,l.ead.me,1,0,38,1,0,0,0,0,1,8.0,2024-10-20 08:13:42
https://bit.ly/3ynPaxX,bit.ly,1,0,22,1,0,0,1,0,1,16.0,2032-05-17 22:00:00
https://rapid-animal-large.on-fleek.app/Mail-Login.html,rapid-animal-large.on-fleek.app,1,0,55,1,0,0,0,1,1,1.0,2025-07-28 00:35:36
https://arsrsffarcw.w3spaces.com/tgatsvshbs.html,arsrsffarcw.w3spaces.com,1,0,48,1,0,0,0,0,1,3.0,2024-12-21 07:26:31
https://bafybeiberebewnsjei7iizsvfn3icohesmwo2pfleoew5d34c4ozljwbui.ipfs.cf-ipfs.com/rkspc.auth.html,bafybeiberebewnsjei7iizsvfn3icohesmwo2pfleoew5d34c4ozljwbui.ipfs.cf-ipfs.com,1,0,100,1,0,0,0,1,1,5.0,2032-12-05 16:31:16
https://seccustesdhaestdvfkjceiverwgddresssesddiewjrewderwsffdstss.weebly.com/,seccustesdhaestdvfkjceiverwgddresssesddiewjrewderwsffdstss.weebly.com,1,0,78,1,0,0,0,0,1,18.0,2025-03-28 23:25:07
https://geemainiloghinq.gitbook.io/us,geemainiloghinq.gitbook.io,1,0,37,1,0,0,0,0,1,10.0,2025-03-30 06:09:09
https://clicks.cccstudy.de/,clicks.cccstudy.de,1,0,27,1,0,0,0,0,1,,
https://pub-a390d1aa30ac46b69336b2c82ebc8fa7.r2.dev/index.html,pub-a390d1aa30ac46b69336b2c82ebc8fa7.r2.dev,1,0,62,1,0,0,0,1,1,2.0,2025-08-23 14:38:38
https://new.express.adobe.com/webpage/CroneKc27wHBm,new.express.adobe.com,1,0,51,2,0,0,0,0,1,37.0,2025-05-17 01:48:14
https://docs.google.com/presentation/d/e/2PACX-1vQ0RXs7GBF-_rqEHDqx2wzHYaxbRuWuviLw1161nUKK7aS7_6A7d0OzTVdVUUUvNhZrKsPfGRX5EoYk/pub?start=false&amp;loop=false&amp;delayms=3000,docs.google.com,1,0,175,5,0,0,0,0,1,26.0,2028-09-14 04:00:00
https://docs.google.com/drawings/d/1DDk2I_PxYYj426dCT5S3GWZXns6uMq6wjyLIT0S9vgc/edit,docs.google.com,1,0,84,4,0,0,0,0,1,26.0,2028-09-14 04:00:00
https://pub-d27361341ac744598c2a8804abd4ae3a.r2.dev/adv.html#x@x.com,pub-d27361341ac744598c2a8804abd4ae3a.r2.dev,1,1,68,1,0,0,0,1,1,2.0,2025-08-23 14:38:38
https://worker-rapid-snow-fa68.nicholeclarkepestcontrol-com.workers.dev/,worker-rapid-snow-fa68.nicholeclarkepestcontrol-com.workers.dev,1,0,72,1,0,0,0,1,1,,
https://s.yam.com/HwoU6,s.yam.com,1,0,23,1,0,0,0,0,1,28.0,2024-11-02 17:30:37
https://gtrems7-post.shop/,gtrems7-post.shop,0,0,26,1,0,0,0,1,0,,
https://t.co/NzS107wbNI,t.co,1,0,23,1,0,0,1,0,1,14.0,2025-04-25 23:59:59
https://metameiashlogin.gitbook.io/us,metameiashlogin.gitbook.io,1,0,37,1,0,0,0,0,1,10.0,2025-03-30 06:09:09
https://rp.mockplus.com/run/Tzk2aCcEzo/LFt9BUSqPx?cps=hide&rps=hide&nav=1&ha=0&la=0&fc=1&out=1&rt=1&isFrame=true&moduleID=ZI18SLQez,rp.mockplus.com,1,0,131,3,0,0,0,0,1,10.0,2025-01-22 21:59:05
https://assimomos.web.app/,assimomos.web.app,1,0,26,1,0,0,0,0,1,,
https://pub-db30d326aa0140d68cfb4d76722b0617.r2.dev/index.html,pub-db30d326aa0140d68cfb4d76722b0617.r2.dev,1,0,62,1,0,0,0,1,1,2.0,2025-08-23 14:38:38
https://manage-log.firebaseapp.com/,manage-log.firebaseapp.com,1,0,35,1,0,0,0,1,1,,
https://workers-playground-wandering-cloud-7d90.oracleofriches.workers.dev,workers-playground-wandering-cloud-7d90.oracleofriches.workers.dev,1,0,74,0,0,0,0,1,1,,
https://transportationaixztpro.top/i,transportationaixztpro.top,1,0,36,1,0,0,0,0,1,0.0,2025-07-31 10:12:56
https://jnpost.17437436.xyz/rjlxizme/HjYrwR,jnpost.17437436.xyz,0,0,43,2,0,0,0,0,0,0.0,2025-08-11 23:59:59
https://cancelar-aqui-10.webcindario.com/,cancelar-aqui-10.webcindario.com,1,0,41,1,0,0,0,1,1,23.0,2028-02-28 12:45:04
https://qrco.de/behui3,qrco.de,1,0,22,1,0,0,0,0,1,,
https://harcofed.org.in/wp-content/themes/twentyfifteen/miles/java/index.php,harcofed.org.in,1,0,76,6,0,0,0,0,1,7.0,2025-08-22 11:32:47
https://docs.google.com/presentation/d/e/2PACX-1vSmSsoHqJmaGKCr8eHnpHp3i0LHfs7vs_MlaUJ0OyvPczVlFRKB_scwF21QjkPMja04Cv3LZ9O7pbAA/pub?start=false&loop=false&delayms=3000&slide=id.p,docs.google.com,1,0,178,5,0,0,0,0,1,26.0,2028-09-14 04:00:00
https://metamasc-wally.gitbook.io/us,metamasc-wally.gitbook.io,1,0,36,1,0,0,0,1,1,10.0,2025-03-30 06:09:09
https://home-metasamask.gitbook.io/us,home-metasamask.gitbook.io,1,0,37,1,0,0,0,1,1,10.0,2025-03-30 06:09:09
https://www.qrsa.cn/aeon,www.qrsa.cn,0,0,24,1,0,0,0,0,0,0.0,2024-09-20 20:08:17
https://away.vk.com/away.php?rh=6bb9cf4f-e750-4681-816b-ec98800e13be,away.vk.com,1,0,68,1,0,0,0,0,1,27.0,2025-06-23 04:00:00
https://pub-ac222924d80047289a8304b5d5fdd293.r2.dev/seyi.html,pub-ac222924d80047289a8304b5d5fdd293.r2.dev,1,0,61,1,0,0,0,1,1,2.0,2025-08-23 14:38:38
https://monirshouvo.github.io/fb_responsive/,monirshouvo.github.io,1,0,44,2,0,0,0,0,1,,
https://docs.google.com/presentation/d/e/2PACX-1vQbEFTRsafQ9LeOV6qo0lK5RTJcNC6q2R_gdA3HW64YCvuIluHSZ2TO7eWqyAYn4we4u5eZhebSpA_Z/pub?start=false&loop=false&delayms=3000,docs.google.com,1,0,167,5,0,0,0,0,1,26.0,2028-09-14 04:00:00
https://aktualisieren.dkb-bankng.de/3626362533/login/,aktualisieren.dkb-bankng.de,0,0,53,3,0,0,0,1,0,,
https://docs.google.com/presentation/d/e/2PACX-1vT5CfFWVVSml7fV6xSRLooC9Md8wwX1KHBgwa_hekmPCILW_nhkwbg-QfAsCQf52Ltjgo5HpXD47jXy/pub?start=false&amp;loop=false&amp;delayms=3000,docs.google.com,1,0,175,5,0,0,0,0,1,26.0,2028-09-14 04:00:00
https://www.los40.com.gt/,www.los40.com.gt,1,0,25,1,0,0,0,0,1,,
https://mettaamakwallett.gitbook.io/us,mettaamakwallett.gitbook.io,1,0,38,1,0,0,0,0,1,10.0,2025-03-30 06:09:09
https://cloudflare-ipfs.com/ipfs/bafybeigce2qof2j5neuc3xtlbxqby4jfoa6p5znga2fhlrv62c3dt5pxke,cloudflare-ipfs.com,1,0,92,2,0,0,0,1,1,6.0,2032-05-30 14:15:34
https://l.ead.me/bfEVzbSCedgwSCFEFcv,l.ead.me,1,0,36,1,0,0,0,0,1,8.0,2024-10-20 08:13:42
https://ololchuch.wixstudio.io/forloud,ololchuch.wixstudio.io,1,0,38,1,0,0,0,0,1,1.0,2026-05-15 06:30:08
https://currently0987652.weebly.com/,currently0987652.weebly.com,1,0,36,1,0,0,0,0,1,18.0,2025-03-28 23:25:07
https://liujiuan.cn/wanSQyghRUhth719123/,liujiuan.cn,1,0,40,2,0,0,0,0,1,0.0,2024-09-19 00:42:08
https://ep-gov5.shop/,ep-gov5.shop,1,0,21,1,0,0,0,1,1,0.0,2025-08-15 23:59:59
https://utilizeplusink.weebly.com/,utilizeplusink.weebly.com,1,0,34,1,0,0,0,0,1,18.0,2025-03-28 23:25:07
https://mobiie-facturaiion.net,mobiie-facturaiion.net,1,0,30,0,0,0,0,1,1,0.0,2025-08-17 12:07:35
https://pub-910011fd350640039420cbe432ec3c41.r2.dev/fair.html,pub-910011fd350640039420cbe432ec3c41.r2.dev,1,0,61,1,0,0,0,1,1,2.0,2025-08-23 14:38:38
https://drive.google.com/file/d/13X-h7ZBVxSsaVEXQtDMY-5s50uFAB5pR/preview,drive.google.com,1,0,73,4,0,0,0,0,1,26.0,2028-09-14 04:00:00
https://usps.lbkwhtznyvi.top/,usps.lbkwhtznyvi.top,1,0,29,1,0,0,0,0,1,0.0,2025-07-29 02:55:16
https://esspace-lcients.web.app/,esspace-lcients.web.app,1,0,32,1,0,0,0,1,1,,
http://752fsc3.home.dyndns.org,752fsc3.home.dyndns.org,0,0,30,0,0,0,0,0,0,,
https://tapchigiambeo.com/wp-content/twint/profile.php?land=4,tapchigiambeo.com,1,0,61,3,0,0,0,0,1,5.0,2024-10-08 06:26:07
https://rp.mockplus.com/run/ahOeMQaNNm/i4wokUwbWg?cps=hide&rps=hide&nav=1&ha=0&la=0&fc=1&dt=iphoneX&out=0&rt=1&isFrame=true&moduleID=pj9Y9NZwD,rp.mockplus.com,1,0,142,3,0,0,0,0,1,10.0,2025-01-22 21:59:05
https://pagesp218.web.app/,pagesp218.web.app,1,0,26,1,0,0,0,0,1,,
https://pub-f6318a02a238432aa820e2da3cf822ce.r2.dev/heke91.html,pub-f6318a02a238432aa820e2da3cf822ce.r2.dev,1,0,63,1,0,0,0,1,1,2.0,2025-08-23 14:38:38
https://docs.google.com/presentation/d/e/2PACX-1vRvL6ryJOJW48oY8PmPJxPupgFf39cig5s8Mbo83WLEr-k1q2PheVYUUDOEIyej1oweNIh7abvB1fMv/pub?start=false&loop=false&delayms=3000&slide=id.p%3E*,docs.google.com,1,0,182,5,0,0,0,0,1,26.0,2028-09-14 04:00:00
https://indonesiaferry-co-id.weebly.com/,indonesiaferry-co-id.weebly.com,1,0,40,1,0,0,0,1,1,18.0,2025-03-28 23:25:07
https://trezzxoriostarkt.gitbook.io/us,trezzxoriostarkt.gitbook.io,1,0,38,1,0,0,0,0,1,10.0,2025-03-30 06:09:09
https://qoguesbu.firebaseapp.com/,qoguesbu.firebaseapp.com,1,0,33,1,0,0,0,0,1,,
https://pub-70868cc3987b45a48c797b1b85da7f3d.r2.dev/link.html,pub-70868cc3987b45a48c797b1b85da7f3d.r2.dev,1,0,61,1,0,0,0,1,1,2.0,2025-08-23 14:38:38
http://tinyurl.com/Area-Clienti-Bper,tinyurl.com,1,0,36,1,0,0,1,0,1,22.0,2029-01-27 06:17:41
http://tinyurl.com/magaziine-luiza-ofertas,tinyurl.com,1,0,42,1,0,0,1,0,1,22.0,2029-01-27 06:17:41
https://cloudflare-ipfs.com/ipfs/bafybeicefrte7tfgyddmow6j7ntwlnlc2o3syg47oohagk2fc375bzixmq,cloudflare-ipfs.com,1,0,92,2,0,0,0,1,1,6.0,2032-05-30 14:15:34
https://pub-8c6c87bbb12549f9bf467fc5afd223a4.r2.dev/vghjtrd.html,pub-8c6c87bbb12549f9bf467fc5afd223a4.r2.dev,1,0,64,1,0,0,0,1,1,2.0,2025-08-23 14:38:38
https://puffham.wixsite.com/my-site-1,puffham.wixsite.com,1,0,37,1,0,0,0,0,1,,
https://iteustcapi-tal-loginx.gitbook.io/us,iteustcapi-tal-loginx.gitbook.io,1,0,43,1,0,0,0,1,1,10.0,2025-03-30 06:09:09
https://ipfs.best-practice.se/ipfs/bafybeifnoomstfbdkpbjx25tmu2qw4twaitj7ciznkw4kj2to3fzeaoaki,ipfs.best-practice.se,1,0,94,2,0,0,0,1,1,14.0,2025-06-12 00:00:00
https://raspy-fire-ba1d.jermabuenvia998.workers.dev,raspy-fire-ba1d.jermabuenvia998.workers.dev,1,0,51,0,0,0,0,1,1,,
https://cloudflare-ipfs.com/ipfs/bafybeihuqzllo4qdhw7gluyr7fdgwtijfb7jkpzxdlcon6neqmgw2grkfy/owa-index-server.html,cloudflare-ipfs.com,1,0,114,3,0,0,0,1,1,6.0,2032-05-30 14:15:34
https://posten-ax.web.app/,posten-ax.web.app,1,0,26,1,0,0,0,1,1,,
https://yui788989df.weeblysite.com/,yui788989df.weeblysite.com,1,0,35,1,0,0,0,0,1,11.0,2024-12-19 04:07:22
https://bit.ly/3Y6WDfk,bit.ly,1,0,22,1,0,0,1,0,1,16.0,2032-05-17 22:00:00
https://bafkreib7zzkut6emhrunb52ckouhqoux7ehlv6trjrz2qgi54hpbqjvoya.ipfs.cf-ipfs.com,bafkreib7zzkut6emhrunb52ckouhqoux7ehlv6trjrz2qgi54hpbqjvoya.ipfs.cf-ipfs.com,1,0,84,0,0,0,0,1,1,5.0,2032-12-05 16:31:16
https://bafybeifb7monmmv4uukankeoivefmjo3qsdde6jpptdwmzlliljyazu7xa.ipfs.cf-ipfs.com/,bafybeifb7monmmv4uukankeoivefmjo3qsdde6jpptdwmzlliljyazu7xa.ipfs.cf-ipfs.com,1,0,85,1,0,0,0,1,1,5.0,2032-12-05 16:31:16
https://bafybeicr5i5hljryqdygtommhw3fh3okr5o6rhjuztmzogr6xtyk2recmi.ipfs.cf-ipfs.com/cygvuhjbk.html,bafybeicr5i5hljryqdygtommhw3fh3okr5o6rhjuztmzogr6xtyk2recmi.ipfs.cf-ipfs.com,1,0,99,1,0,0,0,1,1,5.0,2032-12-05 16:31:16
https://tinyurl.com/2agvptun,tinyurl.com,1,0,28,1,0,0,1,0,1,22.0,2029-01-27 06:17:41
https://sarsitassesement.weebly.com/,sarsitassesement.weebly.com,1,0,36,1,0,0,0,0,1,18.0,2025-03-28 23:25:07
https://achabachaforgandabacha.pages.dev/,achabachaforgandabacha.pages.dev,1,0,41,1,0,0,0,0,1,,
https://healthsprings.docis.io/signature-image/booke/,healthsprings.docis.io,1,0,53,3,0,0,0,0,1,4.0,2025-05-12 15:56:38
https://pub-26dcb68aff8845ecac02aa91a5b5a275.r2.dev/workers.html,pub-26dcb68aff8845ecac02aa91a5b5a275.r2.dev,1,0,64,1,0,0,0,1,1,2.0,2025-08-23 14:38:38
https://tresorztort.gitbook.io/us,tresorztort.gitbook.io,1,0,33,1,0,0,0,0,1,10.0,2025-03-30 06:09:09
http://lansingisyoung.pages.dev,lansingisyoung.pages.dev,1,0,31,0,0,0,0,0,1,,
https://solitary-bonus-1ade.bannk.workers.dev,solitary-bonus-1ade.bannk.workers.dev,1,0,45,0,0,0,0,1,1,,
https://sesamlpo.weebly.com/,sesamlpo.weebly.com,1,0,28,1,0,0,0,0,1,18.0,2025-03-28 23:25:07
https://lioedgerwlet.gitbook.io/us,lioedgerwlet.gitbook.io,1,0,34,1,0,0,0,0,1,10.0,2025-03-30 06:09:09
https://f-solution-review-case.github.io/0/request.html,f-solution-review-case.github.io,1,0,55,2,0,0,0,1,1,,
http://e.mailredirprom.com/redireciona/tv32nv.php?,e.mailredirprom.com,0,0,50,2,0,0,0,0,0,0.0,2025-08-13 16:00:53
https://bafkreiaysorkxaugxkcuyxjt6raepthauvepcc5z5pbx5hnyowdat7x5ya.ipfs.cf-ipfs.com,bafkreiaysorkxaugxkcuyxjt6raepthauvepcc5z5pbx5hnyowdat7x5ya.ipfs.cf-ipfs.com,1,0,84,0,0,0,0,1,1,5.0,2032-12-05 16:31:16
https://c1ick-views.docusgn-sharedviaoffic3.workers.dev/,c1ick-views.docusgn-sharedviaoffic3.workers.dev,1,0,56,1,0,0,0,1,1,,
https://attdominar.weeblysite.com/,attdominar.weeblysite.com,1,0,34,1,0,0,0,0,1,11.0,2024-12-19 04:07:22
https://mtimekchriomexter.gitbook.io/us,mtimekchriomexter.gitbook.io,1,0,39,1,0,0,0,0,1,10.0,2025-03-30 06:09:09
https://docs.google.com/presentation/d/e/2PACX-1vQi_FwRPDEu-XRsNBibLMV5OM9xVyJqkCQtXUIVt6hdResRJnx4ta7pvronROk5cHdrG8fTxC7hGx03/pub?start=false&amp;loop=false&amp;delayms=3000,docs.google.com,1,0,175,5,0,0,0,0,1,26.0,2028-09-14 04:00:00
https://home-followup-american-f56c.hegok59888.workers.dev/,home-followup-american-f56c.hegok59888.workers.dev,1,0,59,1,0,0,0,1,1,,
https://bit.ly/3WncZzn,bit.ly,1,0,22,1,0,0,1,0,1,16.0,2032-05-17 22:00:00
https://pub-7c756ac515224652b24effea8173fc84.r2.dev/11.html,pub-7c756ac515224652b24effea8173fc84.r2.dev,1,0,59,1,0,0,0,1,1,2.0,2025-08-23 14:38:38
https://ipfs.io/ipfs/QmWv2Qf16r2cme25PxEBXwAHbHsFSMVxvWGdZiZsnCNFju,ipfs.io,1,0,67,2,0,0,0,0,1,10.0,2025-05-16 18:34:42
https://helptrusstwalletlogin.gitbook.io/us,helptrusstwalletlogin.gitbook.io,1,0,43,1,0,0,0,0,1,10.0,2025-03-30 06:09:09
https://fsdsrwrw.weeblysite.com,fsdsrwrw.weeblysite.com,1,0,31,0,0,0,0,0,1,11.0,2024-12-19 04:07:22
https://apiswisspass.cluster1.easy-hebergement.net/cff/id/pass/,apiswisspass.cluster1.easy-hebergement.net,1,0,63,4,0,0,0,1,1,22.0,2025-08-28 10:52:28
https://pub-e6aca7d4cf40481b8b5395ee48dce8cf.r2.dev/response_start.html,pub-e6aca7d4cf40481b8b5395ee48dce8cf.r2.dev,1,0,71,1,0,0,0,1,1,2.0,2025-08-23 14:38:38
https://estafesta.buzz/mx,estafesta.buzz,1,0,25,1,0,0,0,0,1,0.0,2025-08-25 14:33:38
https://sso-wallet--connect-cdn.webflow.io/,sso-wallet--connect-cdn.webflow.io,1,0,43,1,0,0,0,1,1,11.0,2028-05-08 02:20:57
https://mwebservlce.weebly.com/,mwebservlce.weebly.com,1,0,31,1,0,0,0,0,1,18.0,2025-03-28 23:25:07
https://docs.google.com/drawings/d/1iyAaVrptOUR7G2yellIeIqoqJGrvu_hhMb0C1XdPvko/edit,docs.google.com,1,0,84,4,0,0,0,0,1,26.0,2028-09-14 04:00:00
https://4redundant.wixstudio.io/att84894894,4redundant.wixstudio.io,1,0,43,1,0,0,0,0,1,1.0,2026-05-15 06:30:08
https://hello-world-nameless-tooth-5a74.magnakotri.workers.dev/,hello-world-nameless-tooth-5a74.magnakotri.workers.dev,1,0,63,1,0,0,0,1,1,,
https://uupasot-post2-com.top/,uupasot-post2-com.top,0,0,30,1,0,0,0,1,0,0.0,2025-08-19 08:42:55
https://q-r.to/bfIldf,q-r.to,1,0,21,1,0,0,0,1,1,,
https://connexionmsmdss.wixsite.com/my-site,connexionmsmdss.wixsite.com,1,0,43,1,0,0,0,0,1,,
https://pub-00fa504636494c2c94d82d51cb605044.r2.dev/Leave-Lists.html,pub-00fa504636494c2c94d82d51cb605044.r2.dev,1,0,68,1,0,0,0,1,1,2.0,2025-08-23 14:38:38
https://ctt-ptio.top/add,ctt-ptio.top,0,0,24,1,0,0,0,1,0,0.0,2025-08-15 12:14:39
https://pub-db686d4a18704e179ed5f2a9ae5c11b2.r2.dev/response_type.html,pub-db686d4a18704e179ed5f2a9ae5c11b2.r2.dev,1,0,70,1,0,0,0,1,1,2.0,2025-08-23 14:38:38
https://docs.google.com/presentation/d/e/2PACX-1vQz4KNjqhIbJFCN5mFjx0hNhvekLxKegWNmxsOo8_2uqN8SISyV7SmApHtfyjxHntTxf9MH4YD8GrTf/pub?start=false&amp;loop=false&amp;delayms=3000,docs.google.com,1,0,175,5,0,0,0,0,1,26.0,2028-09-14 04:00:00
https://aeon.suewoocj.top,aeon.suewoocj.top,1,0,25,0,0,0,0,0,1,0.0,2025-08-04 08:42:56
https://bafkreigfeb3ocgxghleoiribf7k2uhi3vw7652eavsj5l2hsykjjpqa4yu.ipfs.dweb.link/,bafkreigfeb3ocgxghleoiribf7k2uhi3vw7652eavsj5l2hsykjjpqa4yu.ipfs.dweb.link,1,0,83,1,0,0,0,0,1,7.0,2025-02-24 01:05:26.675000
https://docs.google.com/drawings/d/1iyAaVrptOUR7G2yellIeIqoqJGrvu_hhMb0C1XdPvko,docs.google.com,1,0,79,3,0,0,0,0,1,26.0,2028-09-14 04:00:00
https://bit.ly/3L2bBLP,bit.ly,1,0,22,1,0,0,1,0,1,16.0,2032-05-17 22:00:00
https://wwxhajudjgwjklckvzgs4.web.app/,wwxhajudjgwjklckvzgs4.web.app,1,0,38,1,0,0,0,0,1,,
https://tinyurl.com/a43aur88,tinyurl.com,1,0,28,1,0,0,1,0,1,22.0,2029-01-27 06:17:41
https://docs.google.com/drawings/d/1AeuOEMqS3JgbGHaqfbEjHm22igBaRyC3BiiVKeH3crI/edit,docs.google.com,1,0,84,4,0,0,0,0,1,26.0,2028-09-14 04:00:00
https://fixdefinetwork.pages.dev/,fixdefinetwork.pages.dev,1,0,33,1,0,0,0,0,1,,
https://seeview.pages.dev/,seeview.pages.dev,1,0,26,1,0,0,0,0,1,,
https://web.pancake.run/swap,web.pancake.run,1,0,28,1,0,0,0,0,1,2.0,2025-02-16 12:15:21
https://new.express.adobe.com/webpage/ZPSeC5Vku7ymv,new.express.adobe.com,1,0,51,2,0,0,0,0,1,37.0,2025-05-17 01:48:14
https://cloudflare-ipfs.com/ipfs/bafybeig4kuskm3b3u2yww2hjym543cpb5jwlp2ing6viznd4csskt5q5e4#jorge.revolorio@banrural.com.gt,cloudflare-ipfs.com,1,1,124,2,0,0,0,1,1,6.0,2032-05-30 14:15:34
https://www.erkemuhendislik.com,www.erkemuhendislik.com,1,0,31,0,0,0,0,0,1,1.0,2025-06-25 18:45:01
https://l.ead.me/bfHqCV,l.ead.me,1,0,23,1,0,0,0,0,1,8.0,2024-10-20 08:13:42
https://transportapznmyfxztpaq.top/,transportapznmyfxztpaq.top,1,0,35,1,0,0,0,0,1,0.0,2025-08-08 17:08:35
https://docs.google.com/drawings/d/1K0uwZc98P8TsTcjuWD75yKizlQwQXZvKcQtFl8Rr7G4/edit,docs.google.com,1,0,84,4,0,0,0,0,1,26.0,2028-09-14 04:00:00
https://trezzorlogn.gitbook.io/us,trezzorlogn.gitbook.io,1,0,33,1,0,0,0,0,1,10.0,2025-03-30 06:09:09
https://u-sp-sredirec.web.app/,u-sp-sredirec.web.app,1,0,30,1,0,0,0,1,1,,
https://attnet-101138.weeblysite.com/,attnet-101138.weeblysite.com,1,0,37,1,0,0,0,1,1,11.0,2024-12-19 04:07:22
https://reportviolitons259-559.pages.dev/,reportviolitons259-559.pages.dev,1,0,41,1,0,0,0,1,1,,
https://njjfwaa.icu/,njjfwaa.icu,0,0,20,1,0,0,0,0,0,0.0,2025-07-18 23:59:59
https://pub-7b7cecbb588a4e0c8282f5de2c2f39aa.r2.dev/ref.html,pub-7b7cecbb588a4e0c8282f5de2c2f39aa.r2.dev,1,0,60,1,0,0,0,1,1,2.0,2025-08-23 14:38:38
https://track-id38901.firebaseapp.com/,track-id38901.firebaseapp.com,1,0,38,1,0,0,0,1,1,,
https://new.express.adobe.com/webpage/brVPigWyhtq23,new.express.adobe.com,1,0,51,2,0,0,0,0,1,37.0,2025-05-17 01:48:14
https://werewcurrently.weebly.com/,werewcurrently.weebly.com,1,0,34,1,0,0,0,0,1,18.0,2025-03-28 23:25:07
https://docs.google.com/presentation/d/e/2PACX-1vSRWD_UKvUeiCH1tT_XK3aUUqMBU8K4yQ8nOyn7lEyK6eVjKANV0jsRpU-4BcwGwnC0bKIlAzCIUie8/pub?start=false&amp;loop=false&amp;delayms=3000,docs.google.com,1,0,175,5,0,0,0,0,1,26.0,2028-09-14 04:00:00
https://itrusticepitallogins.gitbook.io/us,itrusticepitallogins.gitbook.io,1,0,42,1,0,0,0,0,1,10.0,2025-03-30 06:09:09
https://canadapost.help/,canadapost.help,1,0,24,1,0,0,0,0,1,0.0,2025-08-15 23:59:59
https://docs.google.com/drawings/d/1MfVhPyJjnhEVUMT9kfaYq92r8leLPSAyoLvYh8y2pAo/edit,docs.google.com,1,0,84,4,0,0,0,0,1,26.0,2028-09-14 04:00:00
https://allegro.rabattinfluencer.com,allegro.rabattinfluencer.com,1,0,36,0,0,0,0,0,1,2.0,2024-11-22 09:35:40
http://pub-9ad96370a6144dd1b9a7985cb29c6629.r2.dev/eurxs.html,pub-9ad96370a6144dd1b9a7985cb29c6629.r2.dev,1,0,61,1,0,0,0,1,1,2.0,2025-08-23 14:38:38
https://docs.google.com/drawings/d/1rvmPQ2k6fuDdobW5kaYAtwdGF1IRgnhqA8uCbGDq7m8/edit,docs.google.com,1,0,84,4,0,0,0,0,1,26.0,2028-09-14 04:00:00
https://israelpost-hy.buzz/Z3IBuC,israelpost-hy.buzz,0,0,33,1,0,0,0,1,0,0.0,2025-08-15 11:14:14
https://transporttzzqayfxztpm.top/,transporttzzqayfxztpm.top,0,0,34,1,0,0,0,0,0,0.0,2025-08-13 11:33:02
http://la66cv.duckdns.org,la66cv.duckdns.org,1,0,25,0,0,0,0,0,1,,
https://qrco.de/bfK5Vp,qrco.de,1,0,22,1,0,0,0,0,1,,
https://bt-home-108169.weeblysite.com/,bt-home-108169.weeblysite.com,1,0,38,1,0,0,0,1,1,11.0,2024-12-19 04:07:22
https://q-r.to/bfJYTQ,q-r.to,1,0,21,1,0,0,0,1,1,,
https://dmgpropertygroupot.weebly.com/,dmgpropertygroupot.weebly.com,1,0,38,1,0,0,0,0,1,18.0,2025-03-28 23:25:07
https://www.dropbox.com/scl/fi/q0wcn8g37ipdlponfbj7p/BT-INTERNET-COMMUNICATIONS.papert?dl=0&rlkey=1zvjnb1br496jxl9d551a0k3w,www.dropbox.com,1,0,123,4,0,0,1,0,1,29.0,2025-06-27 04:00:00
http://zuza.stefek.szczecin.pl/Webmail/12/Webmail/webmail.php,zuza.stefek.szczecin.pl,1,0,61,4,0,0,0,0,1,,
https://domappcheckomeg6.firebaseapp.com/,domappcheckomeg6.firebaseapp.com,1,0,41,1,0,0,0,0,1,,
https://att-104226.weeblysite.com/,att-104226.weeblysite.com,1,0,34,1,0,0,0,1,1,11.0,2024-12-19 04:07:22
https://helps-so.top/,helps-so.top,1,0,21,1,0,0,0,1,1,0.0,2025-08-23 11:58:54
https://kulfqpur.com/oZQAhsjYCaWn2CBtKw/,kulfqpur.com,1,0,40,2,0,0,0,0,1,1.0,2025-08-26 14:58:57
https://bit.ly/3yC6ZJO,bit.ly,1,0,22,1,0,0,1,0,1,16.0,2032-05-17 22:00:00
https://puesc-kas.firebaseapp.com/,puesc-kas.firebaseapp.com,1,0,34,1,0,0,0,1,1,,
https://bafybeibfkao37ijkeulellh7zaw7vsvpnwkhpcnuviv7rfw3d3ayfv4m4a.ipfs.nftstorage.link,bafybeibfkao37ijkeulellh7zaw7vsvpnwkhpcnuviv7rfw3d3ayfv4m4a.ipfs.nftstorage.link,1,0,88,0,0,0,0,0,1,2.0,2028-02-11 10:44:03.906000
https://postnles.xyz/it,postnles.xyz,1,0,23,1,0,0,0,0,1,0.0,2025-07-24 23:59:59
https://pub-5855aaa930684c9b8687a6162aecb00a.r2.dev/utility_base.html,pub-5855aaa930684c9b8687a6162aecb00a.r2.dev,1,0,69,1,0,0,0,1,1,2.0,2025-08-23 14:38:38
https://redigkloufiban.firebaseapp.com/,redigkloufiban.firebaseapp.com,1,0,39,1,0,0,0,0,1,,
https://ew782u.w3spaces.com/iouytertfyguhi908765.html,ew782u.w3spaces.com,1,0,53,1,0,0,0,0,1,3.0,2024-12-21 07:26:31
http://facture-ovhcloud-net-4199300c.calisisdoulas.com/?bb6c9&id=anr42.fr,facture-ovhcloud-net-4199300c.calisisdoulas.com,1,0,73,1,0,0,0,1,1,3.0,2025-01-04 01:08:28
https://mymobileapp-home.firebaseapp.com/,mymobileapp-home.firebaseapp.com,1,0,41,1,0,0,0,1,1,,
https://docs.google.com/drawings/d/192NGxqaL2QApq0WevySOnFqKEp5kdZNU-T4KZbZzjjc/edit,docs.google.com,1,0,84,4,0,0,0,0,1,26.0,2028-09-14 04:00:00
https://frontier-101502.weeblysite.com/,frontier-101502.weeblysite.com,1,0,39,1,0,0,0,1,1,11.0,2024-12-19 04:07:22
https://lsdahx.weebly.com/,lsdahx.weebly.com,1,0,26,1,0,0,0,0,1,18.0,2025-03-28 23:25:07
https://www.dropbox.com/scl/fi/qiwdwm3qod3cnr3ja0pkm/BT-NEW-VOICE-MESSAGE.papert?rlkey=m1bqftaxzswptarfgffxjbdmw&dl=0,www.dropbox.com,1,0,117,4,0,0,1,0,1,29.0,2025-06-27 04:00:00
https://pub-c83bdd2c571c4474aa52af1897a2bef8.r2.dev/manyauth-appmfa.html,pub-c83bdd2c571c4474aa52af1897a2bef8.r2.dev,1,0,72,1,0,0,0,1,1,2.0,2025-08-23 14:38:38
https://lapostele.top/,lapostele.top,1,0,22,1,0,0,0,0,1,0.0,2025-08-22 10:21:03
https://jkjgf7.duckdns.org,jkjgf7.duckdns.org,1,0,26,0,0,0,0,0,1,,
https://davidmalherbe3.wixsite.com/my-site/,davidmalherbe3.wixsite.com,1,0,43,2,0,0,0,0,1,,
https://pub-80a2aea4d1c14c6b8751a2bfed1c3a26.r2.dev/ABI.html,pub-80a2aea4d1c14c6b8751a2bfed1c3a26.r2.dev,1,0,60,1,0,0,0,1,1,2.0,2025-08-23 14:38:38
https://e-rbsi.com/wp-content/z/zm/?amp=;;;,e-rbsi.com,1,0,43,4,0,0,0,1,1,15.0,2025-01-27 18:23:22
https://a-t-s.webflow.io/,a-t-s.webflow.io,1,0,25,1,0,0,0,1,1,11.0,2028-05-08 02:20:57
https://ipfs.io/ipfs/QmPQGR6aGEAVVyU2N5vsoWLHAdtjHtJSmVSBL1VivQHCyM,ipfs.io,1,0,67,2,0,0,0,0,1,10.0,2025-05-16 18:34:42
https://l.ead.me/bfJAIt?Hxu,l.ead.me,1,0,27,1,0,0,0,0,1,8.0,2024-10-20 08:13:42
https://urlbit.co/HuaFZZrH,urlbit.co,1,0,26,1,0,0,1,0,1,2.0,2025-08-20 17:48:33
https://gmxredriection.blogspot.com/,gmxredriection.blogspot.com,1,0,36,1,0,0,1,0,1,,
http://bit.ly/3RY7aVC,bit.ly,1,0,21,1,0,0,1,0,1,16.0,2032-05-17 22:00:00
https://pub-042eed7f62444456a2fa3ec642bf6289.r2.dev/1.html,pub-042eed7f62444456a2fa3ec642bf6289.r2.dev,1,0,58,1,0,0,0,1,1,2.0,2025-08-23 14:38:38
http://tellmeliu.github.io/proyecto,tellmeliu.github.io,1,0,35,1,0,0,0,0,1,,
https://373t73wyt7r73y7.ukit.me/,373t73wyt7r73y7.ukit.me,1,0,32,1,0,0,0,0,1,7.0,2024-12-12 12:46:55
https://new.express.adobe.com/webpage/OBKzAb9L7SYhR,new.express.adobe.com,1,0,51,2,0,0,0,0,1,37.0,2025-05-17 01:48:14
https://qrco.de/bfIav7,qrco.de,1,0,22,1,0,0,0,0,1,,
https://yt1qckqo.dreamwp.com/SN20/id.html,yt1qckqo.dreamwp.com,0,0,41,2,0,0,0,0,0,8.0,2025-06-23 12:04:01
https://docs.google.com/drawings/d/1peqIwgR1-faUiu9T1b7d4cxzOvT7Sf3er0R4rPQjdSc/edit,docs.google.com,1,0,84,4,0,0,0,0,1,26.0,2028-09-14 04:00:00
https://cloudflare-ipfs.com/ipfs/bafybeiberebewnsjei7iizsvfn3icohesmwo2pfleoew5d34c4ozljwbui/rkspc.auth.html,cloudflare-ipfs.com,1,0,108,3,0,0,0,1,1,6.0,2032-05-30 14:15:34
https://docs.google.com/presentation/d/14DBeF3blq497jj-MJ30JuAUNNhBtRGchkXEowBDZP1w/pub?start=false&loop=false&delayms=3000&slide=id.p,docs.google.com,1,0,134,4,0,0,0,0,1,26.0,2028-09-14 04:00:00
https://l.ead.me/bfHMDn,l.ead.me,1,0,23,1,0,0,0,0,1,8.0,2024-10-20 08:13:42
https://docs.google.com/presentation/d/e/2PACX-1vQjAssUhXATgvtQdsKYW2K-k3Zhe4hFUA1IQ1TsUazezpYXnO6TnCUOKGYaF0BQD9WruwXxDZ9ro8Ka/pub?start=false&amp;loop=false&amp;delayms=3000,docs.google.com,1,0,175,5,0,0,0,0,1,26.0,2028-09-14 04:00:00
http://zuza.stefek.szczecin.pl/Webmail/79/Webmail/webmail.php,zuza.stefek.szczecin.pl,1,0,61,4,0,0,0,0,1,,
https://ee-error.web.app/,ee-error.web.app,1,0,25,1,0,0,0,1,1,,
https://docs.google.com/drawings/d/1-1itRmzjlhPq5uNNiSAQ4souobUa80E2-iDcEAJz0P0/edit,docs.google.com,1,0,84,4,0,0,0,0,1,26.0,2028-09-14 04:00:00
https://hyperfollow.com/BTpager,hyperfollow.com,1,0,31,1,0,0,0,0,1,6.0,2028-03-31 05:57:30
https://meitamaxklogrin.gitbook.io/us,meitamaxklogrin.gitbook.io,1,0,37,1,0,0,0,0,1,10.0,2025-03-30 06:09:09
https://bit.ly/4cBLpD4,bit.ly,1,0,22,1,0,0,1,0,1,16.0,2032-05-17 22:00:00
https://jhdsdf78654.pages.dev/,jhdsdf78654.pages.dev,1,0,30,1,0,0,0,0,1,,
https://bit.ly/4cAMTOU,bit.ly,1,0,22,1,0,0,1,0,1,16.0,2032-05-17 22:00:00
https://docs.google.com/drawings/d/1s8LreygvLs-rV7OdJl4P_6Fc2F7MkdpK-VWODBZGS_Y/edit,docs.google.com,1,0,84,4,0,0,0,0,1,26.0,2028-09-14 04:00:00
https://ansovu131.blob.core.windows.net/sim/index.html?/ecm3?id=7489190722221423490&ex=appnexus.com&/ecm3?ex=telaria.com&id=f4a2f14c8a704d52a6f1b16c29159b71,ansovu131.blob.core.windows.net,1,0,156,2,0,0,0,0,1,29.0,2025-06-04 16:06:16
https://sohelpu.top/i,sohelpu.top,0,0,21,1,0,0,1,0,0,0.0,2025-08-08 15:28:27
https://microsoft-106362.weeblysite.com/,microsoft-106362.weeblysite.com,1,0,40,1,0,0,0,1,1,11.0,2024-12-19 04:07:22
https://909338844400.weebly.com/,909338844400.weebly.com,1,0,32,1,0,0,0,0,1,18.0,2025-03-28 23:25:07
https://docs.google.com/drawings/d/10b0EWR1Cb5F7EaVmESZ7RQ2H0a0RwBNQlo1iAoY-YbY,docs.google.com,1,0,79,3,0,0,0,0,1,26.0,2028-09-14 04:00:00
https://pub-005ceeda28c049c5893402169635d4a4.r2.dev/Owa-Outlook.html,pub-005ceeda28c049c5893402169635d4a4.r2.dev,1,0,68,1,0,0,0,1,1,2.0,2025-08-23 14:38:38
https://yr4.net/,yr4.net,1,0,16,1,0,0,0,0,1,0.0,2024-09-18 07:46:41
http://optikgeneral.com/Webmail/61/Webmail/webmail.php,optikgeneral.com,1,0,54,4,0,0,0,0,1,3.0,2024-09-17 04:50:38
https://pagesp99.firebaseapp.com/,pagesp99.firebaseapp.com,1,0,33,1,0,0,0,0,1,,
https://cloudflare-ipfs.com/ipfs/bafkreibig45xj3kpw2z4jykpfvqx5gyzdiqyo5dtqqfbtzgdliv5osxrs4?email,cloudflare-ipfs.com,1,0,98,2,0,0,0,1,1,6.0,2032-05-30 14:15:34
https://docs.google.com/drawings/d/1paJGNIHiFwxJ7p3ZU4x4vRyueEFHni_36lbECD4FLdc/edit,docs.google.com,1,0,84,4,0,0,0,0,1,26.0,2028-09-14 04:00:00
https://ln.run/JcK6O,ln.run,1,0,20,1,0,0,0,0,1,1.0,2026-04-09 07:44:10
http://dappfixnow.pages.dev,dappfixnow.pages.dev,1,0,27,0,0,0,0,0,1,,
https://4591932c13.0511952912324.workers.dev/,4591932c13.0511952912324.workers.dev,1,0,45,1,0,0,0,0,1,,
https://memtamastrevzextensio.gitbook.io/us,memtamastrevzextensio.gitbook.io,1,0,43,1,0,0,0,0,1,10.0,2025-03-30 06:09:09
https://bit.ly/3YhfBQI,bit.ly,1,0,22,1,0,0,1,0,1,16.0,2032-05-17 22:00:00
https://pub-7cc571585b9d44abadb858fe5b0ba8ab.r2.dev/index.html,pub-7cc571585b9d44abadb858fe5b0ba8ab.r2.dev,1,0,62,1,0,0,0,1,1,2.0,2025-08-23 14:38:38
https://new.express.adobe.com/webpage/vJbcFigx2zGT9,new.express.adobe.com,1,0,51,2,0,0,0,0,1,37.0,2025-05-17 01:48:14
https://brisia.com.gt/,brisia.com.gt,1,0,22,1,0,0,0,0,1,,
https://www.shun87.cn/,www.shun87.cn,0,0,22,1,0,0,0,0,0,1.0,2025-07-29 16:22:24
https://pagesp168.web.app/,pagesp168.web.app,1,0,26,1,0,0,0,0,1,,
https://treezrrwallt.gitbook.io/us,treezrrwallt.gitbook.io,1,0,34,1,0,0,0,0,1,10.0,2025-03-30 06:09:09
https://applied-8a3f62-a8bc2a055f-2fdbc4f742b7b.webflow.io/,applied-8a3f62-a8bc2a055f-2fdbc4f742b7b.webflow.io,1,0,59,1,0,0,0,1,1,11.0,2028-05-08 02:20:57
https://shenyinghw.cn/,shenyinghw.cn,1,0,22,1,0,0,0,0,1,0.0,2024-09-20 12:56:57
https://qrco.de/bfG5xm?rDA=,qrco.de,1,0,27,1,0,0,0,0,1,,
http://madeeasygoingslogan2.pages.dev,madeeasygoingslogan2.pages.dev,1,0,37,0,0,0,0,0,1,,
https://medlouknhgtdra.firebaseapp.com/,medlouknhgtdra.firebaseapp.com,1,0,39,1,0,0,0,0,1,,
http://pontosconquistados.com/fisicabr/bramilnotcpf.php,pontosconquistados.com,1,0,55,2,0,0,0,0,1,0.0,2025-07-24 11:00:28
https://gobcom.one/,gobcom.one,1,0,19,1,0,0,0,0,1,0.0,2025-08-02 08:32:07
https://trusttwalletloggin.gitbook.io/us,trusttwalletloggin.gitbook.io,1,0,40,1,0,0,0,0,1,10.0,2025-03-30 06:09:09
https://content-trzrwerehard.gitbook.io/us,content-trzrwerehard.gitbook.io,1,0,42,1,0,0,0,1,1,10.0,2025-03-30 06:09:09
https://docs.google.com/presentation/d/e/2PACX-1vTG8-6DhcXA3c1JCGO6F0p08ALelvB7RMicNiGpzwptMrA433od6mlceTGuitr7Zu1i1tngTltflU1B/pub?start=false&amp;loop=false&amp;delayms=3000,docs.google.com,1,0,175,5,0,0,0,0,1,26.0,2028-09-14 04:00:00
https://gemiiiin-logiim.gitbook.io/us,gemiiiin-logiim.gitbook.io,1,0,37,1,0,0,0,1,1,10.0,2025-03-30 06:09:09
https://pub-7f14a4c3c90f4102b5550560fd0918e0.r2.dev/about.html,pub-7f14a4c3c90f4102b5550560fd0918e0.r2.dev,1,0,62,1,0,0,0,1,1,2.0,2025-08-23 14:38:38
https://sr23424352234.start.page/,sr23424352234.start.page,1,0,33,1,0,0,0,0,1,3.0,2025-03-17 01:30:18
https://docs.google.com/drawings/d/1omXc97v1eCyulc9woI2CAiNg38RdMSqMBSnZI8rqx0M/edit,docs.google.com,1,0,84,4,0,0,0,0,1,26.0,2028-09-14 04:00:00
https://madinur.vercel.app/?4e615997-76b6-482f-b374-4e31fd71e7b2,madinur.vercel.app,1,0,64,1,0,0,0,0,1,,
https://bt-105646.weeblysite.com/,bt-105646.weeblysite.com,1,0,33,1,0,0,0,1,1,11.0,2024-12-19 04:07:22
https://sign-7ebc.feredi1951.workers.dev/,sign-7ebc.feredi1951.workers.dev,1,0,41,1,0,0,0,1,1,,
https://safetymeetupidcust.wixsite.com/my-site-1,safetymeetupidcust.wixsite.com,1,0,48,1,0,0,0,0,1,,
https://us-usps-helpso.top/,us-usps-helpso.top,1,0,27,1,0,0,0,1,1,0.0,2025-07-17 12:37:27
https://trezor-startx.gitbook.io/us,trezor-startx.gitbook.io,1,0,35,1,0,0,0,1,1,10.0,2025-03-30 06:09:09
https://bn069-h2.webcindario.com,bn069-h2.webcindario.com,1,0,32,0,0,0,0,1,1,23.0,2028-02-28 12:45:04
https://shutterislandsid4.blogspot.com/,shutterislandsid4.blogspot.com,1,0,39,1,0,0,1,0,1,,
